chain_id,index
0,0
1,1
2,2
3,3
4,4
5,5
6,6
7,7
8,8
9,9
10,10
11,11
12,12
13,13
16,14
17,15
18,16
20,17
21,18
22,19
23,20
24,21
25,22
26,23
27,24
28,25
29,26
30,27
31,28
32,29
33,30
34,31
35,32
36,33
37,34
38,35
39,36
40,37
41,38
42,39
44,40
45,41
46,42
47,43
48,44
49,45
50,46
51,47
52,48
53,49
54,50
55,51
56,52
57,53
58,54
59,55
60,56
61,57
62,58
63,59
64,60
65,61
66,62
67,63
68,64
69,65
70,66
71,67
72,68
73,69
74,70
75,71
76,72
77,73
78,74
79,75
80,76
81,77
82,78
83,79
84,80
85,81
86,82
87,83
88,84
89,85
90,86
91,87
