hotel_id,index
12,0
24,1
44,2
45,3
49,4
69,5
73,6
99,7
110,8
115,9
117,10
141,11
142,12
143,13
149,14
151,15
154,16
160,17
161,18
162,19
166,20
170,21
175,22
185,23
191,24
204,25
208,26
212,27
223,28
235,29
239,30
269,31
281,32
283,33
284,34
285,35
287,36
298,37
312,38
329,39
343,40
345,41
350,42
356,43
364,44
374,45
384,46
385,47
399,48
413,49
416,50
425,51
432,52
440,53
444,54
458,55
467,56
476,57
478,58
479,59
480,60
483,61
492,62
494,63
500,64
513,65
514,66
516,67
522,68
535,69
544,70
551,71
555,72
557,73
567,74
573,75
581,76
585,77
587,78
588,79
603,80
607,81
612,82
613,83
621,84
642,85
648,86
650,87
652,88
658,89
664,90
672,91
693,92
696,93
697,94
698,95
711,96
727,97
735,98
773,99
779,100
782,101
798,102
799,103
810,104
816,105
817,106
829,107
836,108
842,109
854,110
869,111
870,112
877,113
891,114
895,115
896,116
906,117
908,118
919,119
923,120
929,121
940,122
943,123
952,124
971,125
977,126
978,127
981,128
983,129
989,130
990,131
1001,132
1008,133
1038,134
1039,135
1065,136
1066,137
1079,138
1088,139
1103,140
1104,141
1116,142
1127,143
1147,144
1154,145
1159,146
1163,147
1171,148
1185,149
1187,150
1192,151
1222,152
1225,153
1234,154
1235,155
1242,156
1246,157
1267,158
1292,159
1293,160
1297,161
1301,162
1305,163
1319,164
1336,165
1350,166
1351,167
1360,168
1365,169
1366,170
1374,171
1393,172
1396,173
1401,174
1406,175
1427,176
1434,177
1441,178
1446,179
1460,180
1472,181
1477,182
1490,183
1495,184
1501,185
1508,186
1510,187
1518,188
1527,189
1528,190
1530,191
1541,192
1542,193
1548,194
1563,195
1572,196
1580,197
1583,198
1610,199
1612,200
1627,201
1629,202
1634,203
1638,204
1640,205
1644,206
1650,207
1652,208
1654,209
1662,210
1676,211
1684,212
1687,213
1688,214
1712,215
1729,216
1740,217
1741,218
1742,219
1749,220
1757,221
1758,222
1779,223
1818,224
1844,225
1845,226
1850,227
1854,228
1862,229
1870,230
1872,231
1874,232
1879,233
1912,234
1930,235
1932,236
1935,237
1939,238
1944,239
1950,240
1955,241
1958,242
1960,243
1965,244
1978,245
1989,246
1996,247
2005,248
2013,249
2014,250
2016,251
2018,252
2030,253
2033,254
2057,255
2059,256
2060,257
2062,258
2063,259
2077,260
2079,261
2085,262
2096,263
2097,264
2103,265
2115,266
2121,267
2133,268
2135,269
2150,270
2152,271
2168,272
2176,273
2183,274
2199,275
2207,276
2208,277
2218,278
2230,279
2252,280
2258,281
2259,282
2260,283
2261,284
2265,285
2279,286
2284,287
2302,288
2324,289
2328,290
2335,291
2356,292
2357,293
2360,294
2367,295
2381,296
2392,297
2396,298
2399,299
2401,300
2404,301
2408,302
2418,303
2428,304
2432,305
2448,306
2456,307
2465,308
2468,309
2470,310
2476,311
2489,312
2492,313
2498,314
2501,315
2516,316
2530,317
2536,318
2546,319
2552,320
2554,321
2574,322
2579,323
2583,324
2584,325
2586,326
2616,327
2634,328
2636,329
2638,330
2643,331
2648,332
2653,333
2665,334
2672,335
2700,336
2702,337
2731,338
2734,339
2746,340
2758,341
2776,342
2780,343
2803,344
2810,345
2824,346
2825,347
2829,348
2849,349
2864,350
2870,351
2878,352
2888,353
2904,354
2916,355
2921,356
2928,357
2941,358
2949,359
2950,360
2955,361
2960,362
2972,363
2973,364
2996,365
3000,366
3009,367
3011,368
3019,369
3022,370
3039,371
3051,372
3063,373
3069,374
3072,375
3078,376
3113,377
3123,378
3124,379
3128,380
3147,381
3150,382
3169,383
3178,384
3180,385
3186,386
3187,387
3196,388
3197,389
3213,390
3214,391
3236,392
3239,393
3255,394
3263,395
3313,396
3317,397
3318,398
3323,399
3328,400
3329,401
3337,402
3338,403
3341,404
3355,405
3357,406
3371,407
3388,408
3398,409
3407,410
3408,411
3417,412
3418,413
3422,414
3429,415
3443,416
3463,417
3488,418
3490,419
3491,420
3493,421
3498,422
3512,423
3514,424
3537,425
3539,426
3543,427
3544,428
3545,429
3556,430
3558,431
3568,432
3573,433
3587,434
3589,435
3594,436
3602,437
3613,438
3615,439
3623,440
3637,441
3638,442
3639,443
3643,444
3652,445
3659,446
3667,447
3686,448
3690,449
3691,450
3702,451
3723,452
3729,453
3737,454
3741,455
3765,456
3768,457
3777,458
3779,459
3780,460
3794,461
3816,462
3829,463
3833,464
3835,465
3840,466
3861,467
3876,468
3884,469
3886,470
3890,471
3893,472
3903,473
3904,474
3919,475
3955,476
3960,477
3975,478
3976,479
3983,480
3986,481
3990,482
4005,483
4006,484
4020,485
4021,486
4022,487
4037,488
4039,489
4043,490
4054,491
4058,492
4066,493
4090,494
4095,495
4098,496
4106,497
4110,498
4131,499
4137,500
4144,501
4145,502
4156,503
4160,504
4161,505
4169,506
4174,507
4184,508
4197,509
4213,510
4218,511
4222,512
4226,513
4228,514
4241,515
4250,516
4255,517
4273,518
4281,519
4296,520
4297,521
4299,522
4300,523
4305,524
4307,525
4313,526
4325,527
4351,528
4363,529
4364,530
4411,531
4416,532
4424,533
4438,534
4445,535
4447,536
4460,537
4461,538
4462,539
4469,540
4486,541
4495,542
4504,543
4510,544
4514,545
4516,546
4525,547
4537,548
4540,549
4552,550
4559,551
4564,552
4581,553
4588,554
4590,555
4591,556
4596,557
4629,558
4648,559
4660,560
4663,561
4667,562
4669,563
4675,564
4679,565
4703,566
4717,567
4718,568
4726,569
4728,570
4729,571
4732,572
4735,573
4740,574
4749,575
4763,576
4766,577
4772,578
4774,579
4781,580
4782,581
4784,582
4785,583
4787,584
4791,585
4800,586
4802,587
4806,588
4810,589
4813,590
4825,591
4829,592
4846,593
4855,594
4865,595
4866,596
4868,597
4869,598
4906,599
4908,600
4912,601
4920,602
4935,603
4957,604
4976,605
4982,606
4988,607
5000,608
5002,609
5011,610
5018,611
5026,612
5029,613
5034,614
5037,615
5066,616
5070,617
5072,618
5088,619
5096,620
5098,621
5099,622
5105,623
5114,624
5116,625
5119,626
5125,627
5135,628
5147,629
5154,630
5168,631
5203,632
5204,633
5205,634
5210,635
5211,636
5225,637
5247,638
5257,639
5289,640
5305,641
5306,642
5313,643
5340,644
5343,645
5350,646
5365,647
5370,648
5377,649
5388,650
5412,651
5413,652
5441,653
5451,654
5454,655
5461,656
5464,657
5472,658
5473,659
5490,660
5508,661
5516,662
5528,663
5535,664
5544,665
5549,666
5575,667
5576,668
5578,669
5586,670
5610,671
5611,672
5615,673
5625,674
5627,675
5628,676
5632,677
5639,678
5650,679
5652,680
5665,681
5671,682
5681,683
5689,684
5693,685
5697,686
5699,687
5700,688
5748,689
5750,690
5762,691
5764,692
5767,693
5770,694
5775,695
5776,696
5778,697
5791,698
5796,699
5798,700
5799,701
5802,702
5810,703
5817,704
5820,705
5825,706
5833,707
5837,708
5847,709
5850,710
5854,711
5872,712
5875,713
5911,714
5913,715
5924,716
5925,717
5935,718
5938,719
5944,720
5957,721
5958,722
5962,723
5976,724
5977,725
5981,726
5996,727
5999,728
6032,729
6055,730
6059,731
6068,732
6070,733
6074,734
6079,735
6080,736
6086,737
6088,738
6102,739
6133,740
6145,741
6150,742
6154,743
6159,744
6160,745
6164,746
6167,747
6171,748
6185,749
6186,750
6197,751
6202,752
6208,753
6210,754
6222,755
6223,756
6224,757
6234,758
6235,759
6236,760
6246,761
6251,762
6261,763
6266,764
6272,765
6278,766
6282,767
6290,768
6299,769
6302,770
6307,771
6311,772
6322,773
6334,774
6335,775
6340,776
6364,777
6366,778
6367,779
6372,780
6375,781
6387,782
6410,783
6416,784
6418,785
6423,786
6428,787
6431,788
6451,789
6455,790
6466,791
6480,792
6482,793
6485,794
6503,795
6516,796
6518,797
6524,798
6527,799
6551,800
6560,801
6571,802
6639,803
6660,804
6678,805
6683,806
6684,807
6693,808
6721,809
6725,810
6732,811
6734,812
6742,813
6744,814
6756,815
6776,816
6782,817
6800,818
6802,819
6805,820
6810,821
6812,822
6831,823
6834,824
6842,825
6848,826
6861,827
6875,828
6876,829
6885,830
6911,831
6920,832
6924,833
6930,834
6948,835
6955,836
6968,837
6977,838
6994,839
7005,840
7022,841
7043,842
7044,843
7045,844
7046,845
7050,846
7054,847
7058,848
7072,849
7099,850
7111,851
7115,852
7116,853
7123,854
7158,855
7194,856
7195,857
7201,858
7204,859
7208,860
7217,861
7230,862
7237,863
7242,864
7254,865
7257,866
7268,867
7272,868
7273,869
7294,870
7306,871
7322,872
7354,873
7371,874
7383,875
7402,876
7409,877
7410,878
7423,879
7427,880
7429,881
7451,882
7462,883
7467,884
7486,885
7495,886
7504,887
7506,888
7513,889
7517,890
7532,891
7539,892
7545,893
7546,894
7555,895
7572,896
7575,897
7577,898
7579,899
7582,900
7583,901
7587,902
7596,903
7600,904
7613,905
7621,906
7633,907
7634,908
7653,909
7713,910
7720,911
7726,912
7730,913
7743,914
7756,915
7760,916
7761,917
7772,918
7776,919
7785,920
7787,921
7795,922
7815,923
7828,924
7830,925
7833,926
7836,927
7842,928
7853,929
7854,930
7857,931
7858,932
7862,933
7878,934
7881,935
7890,936
7918,937
7939,938
7940,939
7945,940
7979,941
8004,942
8016,943
8022,944
8028,945
8047,946
8048,947
8061,948
8062,949
8063,950
8080,951
8082,952
8112,953
8127,954
8133,955
8159,956
8181,957
8208,958
8230,959
8232,960
8248,961
8258,962
8264,963
8273,964
8276,965
8291,966
8296,967
8299,968
8304,969
8307,970
8344,971
8352,972
8366,973
8367,974
8372,975
8375,976
8384,977
8385,978
8387,979
8388,980
8395,981
8404,982
8409,983
8421,984
8426,985
8431,986
8439,987
8478,988
8492,989
8494,990
8496,991
8498,992
8520,993
8532,994
8540,995
8543,996
8559,997
8567,998
8568,999
8569,1000
8577,1001
8585,1002
8590,1003
8596,1004
8607,1005
8609,1006
8615,1007
8640,1008
8645,1009
8655,1010
8658,1011
8662,1012
8684,1013
8693,1014
8704,1015
8707,1016
8716,1017
8730,1018
8731,1019
8732,1020
8740,1021
8764,1022
8766,1023
8767,1024
8769,1025
8775,1026
8780,1027
8791,1028
8809,1029
8827,1030
8838,1031
8840,1032
8842,1033
8858,1034
8859,1035
8869,1036
8888,1037
8892,1038
8899,1039
8902,1040
8903,1041
8909,1042
8914,1043
8936,1044
8948,1045
8952,1046
8958,1047
8959,1048
9041,1049
9059,1050
9061,1051
9063,1052
9076,1053
9087,1054
9092,1055
9100,1056
9105,1057
9115,1058
9117,1059
9123,1060
9141,1061
9145,1062
9152,1063
9162,1064
9190,1065
9198,1066
9203,1067
9211,1068
9212,1069
9216,1070
9224,1071
9237,1072
9241,1073
9242,1074
9272,1075
9273,1076
9312,1077
9323,1078
9325,1079
9327,1080
9335,1081
9362,1082
9364,1083
9375,1084
9378,1085
9381,1086
9391,1087
9394,1088
9395,1089
9404,1090
9415,1091
9418,1092
9430,1093
9435,1094
9458,1095
9481,1096
9484,1097
9486,1098
9492,1099
9520,1100
9523,1101
9527,1102
9532,1103
9539,1104
9545,1105
9568,1106
9578,1107
9604,1108
9624,1109
9631,1110
9654,1111
9663,1112
9667,1113
9688,1114
9689,1115
9690,1116
9699,1117
9715,1118
9721,1119
9737,1120
9739,1121
9751,1122
9758,1123
9760,1124
9766,1125
9770,1126
9771,1127
9782,1128
9793,1129
9808,1130
9824,1131
9828,1132
9829,1133
9833,1134
9838,1135
9842,1136
9848,1137
9849,1138
9853,1139
9874,1140
9883,1141
9884,1142
9887,1143
9892,1144
9898,1145
9904,1146
9906,1147
9908,1148
9910,1149
9923,1150
9957,1151
9962,1152
9963,1153
9964,1154
9989,1155
9995,1156
10003,1157
10005,1158
10015,1159
10029,1160
10033,1161
10065,1162
10079,1163
10085,1164
10090,1165
10092,1166
10097,1167
10101,1168
10105,1169
10116,1170
10124,1171
10126,1172
10132,1173
10141,1174
10152,1175
10157,1176
10159,1177
10199,1178
10211,1179
10213,1180
10220,1181
10222,1182
10247,1183
10250,1184
10255,1185
10263,1186
10267,1187
10269,1188
10283,1189
10289,1190
10291,1191
10293,1192
10304,1193
10319,1194
10333,1195
10339,1196
10341,1197
10351,1198
10366,1199
10368,1200
10374,1201
10401,1202
10411,1203
10423,1204
10426,1205
10430,1206
10435,1207
10442,1208
10443,1209
10466,1210
10483,1211
10488,1212
10493,1213
10494,1214
10495,1215
10508,1216
10534,1217
10536,1218
10541,1219
10543,1220
10544,1221
10546,1222
10555,1223
10560,1224
10578,1225
10583,1226
10615,1227
10618,1228
10620,1229
10624,1230
10637,1231
10647,1232
10655,1233
10656,1234
10661,1235
10671,1236
10693,1237
10702,1238
10711,1239
10725,1240
10726,1241
10731,1242
10755,1243
10758,1244
10773,1245
10781,1246
10791,1247
10794,1248
10795,1249
10803,1250
10806,1251
10810,1252
10816,1253
10819,1254
10831,1255
10835,1256
10849,1257
10855,1258
10863,1259
10871,1260
10873,1261
10878,1262
10879,1263
10882,1264
10883,1265
10888,1266
10891,1267
10897,1268
10910,1269
10928,1270
10929,1271
10943,1272
10954,1273
10957,1274
10976,1275
10980,1276
10990,1277
10992,1278
11007,1279
11008,1280
11019,1281
11021,1282
11023,1283
11055,1284
11059,1285
11064,1286
11080,1287
11084,1288
11094,1289
11142,1290
11143,1291
11152,1292
11156,1293
11159,1294
11163,1295
11178,1296
11180,1297
11181,1298
11182,1299
11185,1300
11193,1301
11202,1302
11204,1303
11214,1304
11219,1305
11239,1306
11242,1307
11243,1308
11253,1309
11255,1310
11256,1311
11258,1312
11260,1313
11263,1314
11265,1315
11271,1316
11280,1317
11299,1318
11300,1319
11311,1320
11318,1321
11319,1322
11322,1323
11341,1324
11345,1325
11368,1326
11387,1327
11390,1328
11408,1329
11419,1330
11425,1331
11441,1332
11454,1333
11462,1334
11471,1335
11488,1336
11502,1337
11511,1338
11519,1339
11521,1340
11527,1341
11541,1342
11545,1343
11605,1344
11608,1345
11615,1346
11616,1347
11619,1348
11630,1349
11650,1350
11655,1351
11664,1352
11666,1353
11670,1354
11675,1355
11685,1356
11692,1357
11702,1358
11703,1359
11704,1360
11710,1361
11715,1362
11718,1363
11721,1364
11730,1365
11736,1366
11758,1367
11761,1368
11794,1369
11812,1370
11814,1371
11817,1372
11835,1373
11836,1374
11839,1375
11848,1376
11851,1377
11854,1378
11858,1379
11861,1380
11863,1381
11868,1382
11879,1383
11880,1384
11882,1385
11886,1386
11894,1387
11927,1388
11928,1389
11935,1390
11937,1391
11946,1392
11958,1393
11960,1394
11965,1395
11968,1396
11970,1397
11974,1398
11987,1399
11996,1400
12010,1401
12021,1402
12022,1403
12030,1404
12036,1405
12037,1406
12053,1407
12056,1408
12065,1409
12066,1410
12071,1411
12079,1412
12101,1413
12111,1414
12113,1415
12149,1416
12212,1417
12214,1418
12233,1419
12236,1420
12239,1421
12244,1422
12246,1423
12267,1424
12281,1425
12284,1426
12289,1427
12306,1428
12308,1429
12326,1430
12327,1431
12328,1432
12330,1433
12332,1434
12337,1435
12339,1436
12379,1437
12385,1438
12393,1439
12405,1440
12407,1441
12412,1442
12418,1443
12420,1444
12431,1445
12443,1446
12444,1447
12448,1448
12451,1449
12453,1450
12463,1451
12475,1452
12485,1453
12500,1454
12501,1455
12507,1456
12514,1457
12519,1458
12531,1459
12539,1460
12540,1461
12542,1462
12544,1463
12555,1464
12557,1465
12558,1466
12565,1467
12573,1468
12577,1469
12584,1470
12586,1471
12591,1472
12593,1473
12595,1474
12601,1475
12620,1476
12622,1477
12625,1478
12628,1479
12630,1480
12631,1481
12635,1482
12649,1483
12652,1484
12661,1485
12673,1486
12679,1487
12680,1488
12694,1489
12707,1490
12719,1491
12720,1492
12721,1493
12722,1494
12727,1495
12729,1496
12739,1497
12748,1498
12766,1499
12768,1500
12773,1501
12777,1502
12786,1503
12806,1504
12807,1505
12808,1506
12810,1507
12812,1508
12817,1509
12818,1510
12824,1511
12825,1512
12831,1513
12840,1514
12868,1515
12870,1516
12876,1517
12886,1518
12895,1519
12910,1520
12914,1521
12915,1522
12930,1523
12932,1524
12936,1525
12944,1526
12952,1527
12953,1528
12960,1529
12962,1530
12967,1531
12971,1532
12979,1533
12990,1534
13001,1535
13009,1536
13013,1537
13026,1538
13028,1539
13029,1540
13033,1541
13040,1542
13046,1543
13047,1544
13071,1545
13077,1546
13104,1547
13110,1548
13113,1549
13115,1550
13122,1551
13127,1552
13130,1553
13132,1554
13134,1555
13139,1556
13150,1557
13154,1558
13158,1559
13159,1560
13170,1561
13193,1562
13197,1563
13198,1564
13202,1565
13211,1566
13214,1567
13227,1568
13249,1569
13251,1570
13252,1571
13267,1572
13271,1573
13272,1574
13275,1575
13290,1576
13298,1577
13302,1578
13314,1579
13322,1580
13326,1581
13328,1582
13340,1583
13347,1584
13369,1585
13377,1586
13382,1587
13385,1588
13387,1589
13388,1590
13390,1591
13392,1592
13396,1593
13400,1594
13407,1595
13414,1596
13417,1597
13418,1598
13422,1599
13427,1600
13436,1601
13438,1602
13442,1603
13462,1604
13469,1605
13474,1606
13482,1607
13494,1608
13495,1609
13499,1610
13508,1611
13510,1612
13518,1613
13522,1614
13525,1615
13528,1616
13533,1617
13535,1618
13539,1619
13542,1620
13555,1621
13558,1622
13560,1623
13573,1624
13576,1625
13584,1626
13597,1627
13600,1628
13605,1629
13622,1630
13655,1631
13666,1632
13669,1633
13670,1634
13682,1635
13707,1636
13734,1637
13741,1638
13742,1639
13751,1640
13754,1641
13778,1642
13793,1643
13812,1644
13845,1645
13849,1646
13853,1647
13857,1648
13870,1649
13872,1650
13875,1651
13878,1652
13881,1653
13884,1654
13885,1655
13891,1656
13895,1657
13898,1658
13911,1659
13918,1660
13934,1661
13936,1662
13938,1663
13944,1664
13949,1665
13962,1666
13986,1667
13991,1668
14007,1669
14019,1670
14020,1671
14021,1672
14029,1673
14033,1674
14040,1675
14052,1676
14054,1677
14070,1678
14077,1679
14100,1680
14112,1681
14119,1682
14144,1683
14147,1684
14156,1685
14157,1686
14158,1687
14166,1688
14201,1689
14228,1690
14235,1691
14241,1692
14245,1693
14254,1694
14263,1695
14270,1696
14272,1697
14276,1698
14289,1699
14292,1700
14293,1701
14297,1702
14298,1703
14301,1704
14303,1705
14317,1706
14338,1707
14354,1708
14369,1709
14383,1710
14388,1711
14396,1712
14401,1713
14416,1714
14436,1715
14437,1716
14440,1717
14442,1718
14449,1719
14452,1720
14456,1721
14503,1722
14507,1723
14519,1724
14522,1725
14524,1726
14526,1727
14531,1728
14532,1729
14535,1730
14538,1731
14559,1732
14562,1733
14570,1734
14572,1735
14583,1736
14596,1737
14597,1738
14601,1739
14607,1740
14611,1741
14615,1742
14617,1743
14623,1744
14655,1745
14657,1746
14658,1747
14662,1748
14664,1749
14669,1750
14679,1751
14685,1752
14688,1753
14694,1754
14707,1755
14721,1756
14732,1757
14756,1758
14768,1759
14774,1760
14776,1761
14777,1762
14778,1763
14780,1764
14801,1765
14804,1766
14811,1767
14826,1768
14830,1769
14846,1770
14847,1771
14850,1772
14852,1773
14862,1774
14872,1775
14899,1776
14915,1777
14920,1778
14924,1779
14929,1780
14931,1781
14938,1782
14952,1783
14964,1784
14970,1785
14992,1786
14995,1787
14998,1788
14999,1789
15000,1790
15001,1791
15003,1792
15004,1793
15013,1794
15021,1795
15023,1796
15035,1797
15047,1798
15054,1799
15081,1800
15083,1801
15097,1802
15098,1803
15107,1804
15115,1805
15118,1806
15125,1807
15127,1808
15128,1809
15136,1810
15144,1811
15163,1812
15166,1813
15167,1814
15179,1815
15195,1816
15197,1817
15207,1818
15215,1819
15217,1820
15222,1821
15228,1822
15231,1823
15246,1824
15251,1825
15254,1826
15263,1827
15267,1828
15268,1829
15272,1830
15274,1831
15276,1832
15286,1833
15305,1834
15306,1835
15307,1836
15309,1837
15318,1838
15319,1839
15342,1840
15347,1841
15352,1842
15362,1843
15368,1844
15386,1845
15387,1846
15388,1847
15389,1848
15408,1849
15427,1850
15429,1851
15432,1852
15433,1853
15440,1854
15454,1855
15465,1856
15469,1857
15470,1858
15472,1859
15474,1860
15477,1861
15498,1862
15500,1863
15503,1864
15516,1865
15548,1866
15550,1867
15559,1868
15563,1869
15566,1870
15569,1871
15570,1872
15578,1873
15582,1874
15593,1875
15594,1876
15600,1877
15601,1878
15602,1879
15608,1880
15612,1881
15614,1882
15615,1883
15625,1884
15639,1885
15668,1886
15683,1887
15693,1888
15697,1889
15700,1890
15712,1891
15733,1892
15769,1893
15771,1894
15778,1895
15790,1896
15802,1897
15803,1898
15813,1899
15845,1900
15846,1901
15858,1902
15879,1903
15880,1904
15881,1905
15887,1906
15888,1907
15907,1908
15921,1909
15926,1910
15944,1911
15949,1912
15957,1913
15962,1914
15967,1915
15970,1916
15975,1917
15990,1918
15998,1919
15999,1920
16002,1921
16016,1922
16018,1923
16022,1924
16035,1925
16040,1926
16043,1927
16059,1928
16075,1929
16080,1930
16090,1931
16116,1932
16120,1933
16121,1934
16124,1935
16127,1936
16137,1937
16140,1938
16155,1939
16158,1940
16161,1941
16165,1942
16169,1943
16173,1944
16174,1945
16185,1946
16196,1947
16202,1948
16205,1949
16206,1950
16207,1951
16214,1952
16258,1953
16269,1954
16274,1955
16278,1956
16282,1957
16296,1958
16319,1959
16329,1960
16341,1961
16349,1962
16350,1963
16357,1964
16375,1965
16380,1966
16390,1967
16401,1968
16402,1969
16407,1970
16411,1971
16417,1972
16420,1973
16422,1974
16426,1975
16427,1976
16442,1977
16456,1978
16458,1979
16469,1980
16474,1981
16485,1982
16489,1983
16495,1984
16505,1985
16510,1986
16513,1987
16519,1988
16523,1989
16527,1990
16538,1991
16540,1992
16550,1993
16551,1994
16556,1995
16565,1996
16573,1997
16586,1998
16594,1999
16609,2000
16614,2001
16620,2002
16639,2003
16671,2004
16676,2005
16679,2006
16694,2007
16700,2008
16705,2009
16709,2010
16711,2011
16722,2012
16728,2013
16735,2014
16739,2015
16751,2016
16772,2017
16791,2018
16793,2019
16805,2020
16810,2021
16815,2022
16830,2023
16831,2024
16834,2025
16861,2026
16862,2027
16879,2028
16881,2029
16887,2030
16897,2031
16901,2032
16906,2033
16907,2034
16909,2035
16911,2036
16913,2037
16914,2038
16939,2039
16948,2040
16953,2041
16966,2042
16970,2043
16971,2044
16975,2045
16978,2046
16983,2047
16984,2048
17004,2049
17024,2050
17026,2051
17038,2052
17041,2053
17042,2054
17056,2055
17074,2056
17082,2057
17090,2058
17093,2059
17103,2060
17105,2061
17119,2062
17125,2063
17136,2064
17141,2065
17147,2066
17157,2067
17161,2068
17169,2069
17178,2070
17203,2071
17226,2072
17242,2073
17252,2074
17253,2075
17255,2076
17257,2077
17270,2078
17285,2079
17294,2080
17296,2081
17302,2082
17305,2083
17306,2084
17307,2085
17315,2086
17327,2087
17339,2088
17347,2089
17353,2090
17362,2091
17364,2092
17366,2093
17375,2094
17376,2095
17385,2096
17386,2097
17405,2098
17406,2099
17412,2100
17414,2101
17437,2102
17443,2103
17444,2104
17451,2105
17457,2106
17460,2107
17467,2108
17472,2109
17478,2110
17479,2111
17487,2112
17493,2113
17495,2114
17501,2115
17511,2116
17518,2117
17520,2118
17529,2119
17530,2120
17532,2121
17535,2122
17539,2123
17545,2124
17549,2125
17551,2126
17575,2127
17580,2128
17590,2129
17594,2130
17598,2131
17606,2132
17617,2133
17620,2134
17623,2135
17631,2136
17635,2137
17636,2138
17638,2139
17640,2140
17642,2141
17653,2142
17656,2143
17671,2144
17688,2145
17690,2146
17714,2147
17717,2148
17727,2149
17736,2150
17739,2151
17759,2152
17762,2153
17765,2154
17767,2155
17786,2156
17788,2157
17791,2158
17797,2159
17808,2160
17809,2161
17819,2162
17827,2163
17840,2164
17844,2165
17861,2166
17865,2167
17873,2168
17895,2169
17901,2170
17903,2171
17907,2172
17911,2173
17915,2174
17924,2175
17927,2176
17934,2177
17945,2178
17947,2179
17955,2180
17962,2181
17974,2182
17986,2183
17988,2184
17991,2185
18002,2186
18011,2187
18015,2188
18018,2189
18019,2190
18022,2191
18026,2192
18038,2193
18047,2194
18051,2195
18064,2196
18072,2197
18080,2198
18087,2199
18088,2200
18090,2201
18103,2202
18110,2203
18113,2204
18115,2205
18129,2206
18137,2207
18138,2208
18146,2209
18155,2210
18159,2211
18172,2212
18182,2213
18184,2214
18185,2215
18187,2216
18193,2217
18205,2218
18209,2219
18217,2220
18223,2221
18228,2222
18231,2223
18233,2224
18239,2225
18240,2226
18249,2227
18256,2228
18262,2229
18263,2230
18285,2231
18297,2232
18312,2233
18321,2234
18324,2235
18352,2236
18358,2237
18360,2238
18361,2239
18372,2240
18373,2241
18383,2242
18384,2243
18385,2244
18386,2245
18390,2246
18428,2247
18429,2248
18440,2249
18445,2250
18447,2251
18450,2252
18453,2253
18461,2254
18465,2255
18477,2256
18485,2257
18491,2258
18510,2259
18514,2260
18529,2261
18531,2262
18533,2263
18548,2264
18551,2265
18553,2266
18563,2267
18564,2268
18568,2269
18574,2270
18581,2271
18590,2272
18614,2273
18629,2274
18630,2275
18632,2276
18637,2277
18648,2278
18654,2279
18661,2280
18686,2281
18712,2282
18719,2283
18735,2284
18746,2285
18749,2286
18750,2287
18752,2288
18764,2289
18774,2290
18791,2291
18807,2292
18827,2293
18832,2294
18839,2295
18845,2296
18852,2297
18854,2298
18855,2299
18862,2300
18879,2301
18892,2302
18901,2303
18904,2304
18907,2305
18910,2306
18920,2307
18925,2308
18932,2309
18956,2310
18982,2311
18985,2312
19009,2313
19018,2314
19028,2315
19029,2316
19045,2317
19046,2318
19060,2319
19061,2320
19087,2321
19099,2322
19122,2323
19135,2324
19150,2325
19159,2326
19163,2327
19180,2328
19183,2329
19195,2330
19198,2331
19200,2332
19207,2333
19223,2334
19226,2335
19228,2336
19232,2337
19266,2338
19271,2339
19278,2340
19280,2341
19292,2342
19293,2343
19309,2344
19319,2345
19323,2346
19354,2347
19356,2348
19358,2349
19359,2350
19364,2351
19367,2352
19405,2353
19410,2354
19411,2355
19413,2356
19423,2357
19428,2358
19437,2359
19439,2360
19442,2361
19452,2362
19457,2363
19466,2364
19470,2365
19472,2366
19493,2367
19495,2368
19510,2369
19518,2370
19529,2371
19538,2372
19540,2373
19546,2374
19555,2375
19558,2376
19579,2377
19590,2378
19594,2379
19613,2380
19616,2381
19627,2382
19632,2383
19651,2384
19657,2385
19661,2386
19664,2387
19668,2388
19675,2389
19678,2390
19686,2391
19692,2392
19703,2393
19708,2394
19731,2395
19736,2396
19748,2397
19789,2398
19795,2399
19810,2400
19820,2401
19830,2402
19865,2403
19869,2404
19889,2405
19896,2406
19904,2407
19909,2408
19918,2409
19929,2410
19938,2411
19951,2412
19957,2413
19968,2414
19990,2415
19996,2416
20004,2417
20007,2418
20009,2419
20018,2420
20019,2421
20021,2422
20024,2423
20036,2424
20058,2425
20065,2426
20073,2427
20082,2428
20100,2429
20117,2430
20128,2431
20137,2432
20145,2433
20151,2434
20153,2435
20157,2436
20173,2437
20175,2438
20182,2439
20186,2440
20194,2441
20196,2442
20199,2443
20201,2444
20203,2445
20214,2446
20217,2447
20222,2448
20229,2449
20234,2450
20240,2451
20242,2452
20276,2453
20280,2454
20281,2455
20286,2456
20296,2457
20298,2458
20299,2459
20309,2460
20314,2461
20319,2462
20333,2463
20338,2464
20342,2465
20379,2466
20382,2467
20387,2468
20396,2469
20399,2470
20421,2471
20422,2472
20425,2473
20438,2474
20450,2475
20460,2476
20469,2477
20470,2478
20479,2479
20481,2480
20492,2481
20493,2482
20496,2483
20509,2484
20517,2485
20518,2486
20528,2487
20530,2488
20544,2489
20555,2490
20561,2491
20565,2492
20574,2493
20617,2494
20625,2495
20626,2496
20628,2497
20634,2498
20639,2499
20689,2500
20702,2501
20703,2502
20707,2503
20713,2504
20716,2505
20718,2506
20723,2507
20727,2508
20742,2509
20747,2510
20758,2511
20759,2512
20762,2513
20766,2514
20772,2515
20790,2516
20798,2517
20801,2518
20808,2519
20810,2520
20818,2521
20821,2522
20823,2523
20830,2524
20842,2525
20855,2526
20857,2527
20861,2528
20871,2529
20872,2530
20894,2531
20909,2532
20910,2533
20911,2534
20914,2535
20926,2536
20935,2537
20937,2538
20939,2539
20945,2540
20953,2541
20957,2542
20963,2543
21018,2544
21019,2545
21020,2546
21027,2547
21038,2548
21040,2549
21041,2550
21062,2551
21069,2552
21070,2553
21087,2554
21090,2555
21092,2556
21099,2557
21111,2558
21114,2559
21116,2560
21118,2561
21119,2562
21132,2563
21138,2564
21139,2565
21140,2566
21141,2567
21142,2568
21153,2569
21154,2570
21162,2571
21168,2572
21171,2573
21174,2574
21178,2575
21183,2576
21190,2577
21210,2578
21235,2579
21272,2580
21278,2581
21296,2582
21299,2583
21311,2584
21328,2585
21331,2586
21333,2587
21337,2588
21375,2589
21382,2590
21397,2591
21409,2592
21441,2593
21445,2594
21457,2595
21465,2596
21495,2597
21503,2598
21513,2599
21537,2600
21543,2601
21554,2602
21556,2603
21559,2604
21572,2605
21577,2606
21579,2607
21580,2608
21584,2609
21594,2610
21596,2611
21621,2612
21623,2613
21650,2614
21652,2615
21653,2616
21659,2617
21663,2618
21665,2619
21670,2620
21697,2621
21700,2622
21701,2623
21723,2624
21734,2625
21738,2626
21741,2627
21742,2628
21745,2629
21746,2630
21749,2631
21759,2632
21774,2633
21780,2634
21805,2635
21811,2636
21822,2637
21839,2638
21868,2639
21874,2640
21876,2641
21881,2642
21892,2643
21894,2644
21914,2645
21953,2646
21967,2647
21974,2648
21995,2649
21997,2650
21998,2651
21999,2652
22018,2653
22027,2654
22033,2655
22045,2656
22049,2657
22060,2658
22072,2659
22092,2660
22093,2661
22099,2662
22104,2663
22105,2664
22107,2665
22111,2666
22114,2667
22119,2668
22121,2669
22125,2670
22126,2671
22133,2672
22136,2673
22140,2674
22142,2675
22150,2676
22161,2677
22172,2678
22181,2679
22182,2680
22188,2681
22190,2682
22191,2683
22193,2684
22203,2685
22223,2686
22237,2687
22251,2688
22278,2689
22286,2690
22291,2691
22293,2692
22316,2693
22325,2694
22328,2695
22338,2696
22343,2697
22352,2698
22367,2699
22372,2700
22373,2701
22379,2702
22391,2703
22406,2704
22407,2705
22408,2706
22412,2707
22421,2708
22425,2709
22430,2710
22440,2711
22441,2712
22453,2713
22460,2714
22462,2715
22463,2716
22472,2717
22473,2718
22479,2719
22480,2720
22482,2721
22486,2722
22488,2723
22503,2724
22522,2725
22536,2726
22544,2727
22568,2728
22569,2729
22603,2730
22608,2731
22631,2732
22638,2733
22640,2734
22642,2735
22648,2736
22651,2737
22657,2738
22661,2739
22671,2740
22704,2741
22716,2742
22719,2743
22730,2744
22741,2745
22745,2746
22754,2747
22772,2748
22777,2749
22800,2750
22805,2751
22828,2752
22838,2753
22842,2754
22847,2755
22849,2756
22850,2757
22867,2758
22898,2759
22922,2760
22934,2761
22938,2762
22939,2763
22942,2764
22956,2765
22963,2766
22979,2767
22983,2768
22984,2769
22993,2770
22997,2771
23000,2772
23019,2773
23021,2774
23034,2775
23040,2776
23058,2777
23085,2778
23090,2779
23095,2780
23097,2781
23104,2782
23110,2783
23125,2784
23132,2785
23141,2786
23164,2787
23203,2788
23204,2789
23213,2790
23228,2791
23246,2792
23249,2793
23250,2794
23257,2795
23263,2796
23275,2797
23277,2798
23288,2799
23297,2800
23299,2801
23301,2802
23309,2803
23324,2804
23329,2805
23335,2806
23345,2807
23356,2808
23384,2809
23392,2810
23396,2811
23405,2812
23407,2813
23418,2814
23429,2815
23437,2816
23445,2817
23452,2818
23458,2819
23464,2820
23479,2821
23481,2822
23493,2823
23515,2824
23516,2825
23522,2826
23528,2827
23544,2828
23549,2829
23560,2830
23570,2831
23572,2832
23573,2833
23588,2834
23590,2835
23602,2836
23606,2837
23611,2838
23624,2839
23627,2840
23640,2841
23650,2842
23652,2843
23656,2844
23657,2845
23666,2846
23668,2847
23675,2848
23681,2849
23686,2850
23688,2851
23694,2852
23701,2853
23705,2854
23716,2855
23717,2856
23718,2857
23726,2858
23738,2859
23740,2860
23746,2861
23752,2862
23759,2863
23762,2864
23766,2865
23767,2866
23783,2867
23794,2868
23797,2869
23803,2870
23806,2871
23807,2872
23810,2873
23835,2874
23841,2875
23866,2876
23870,2877
23871,2878
23889,2879
23899,2880
23911,2881
23912,2882
23917,2883
23921,2884
23930,2885
23940,2886
23945,2887
23956,2888
23967,2889
23971,2890
23984,2891
24014,2892
24042,2893
24056,2894
24063,2895
24074,2896
24092,2897
24094,2898
24107,2899
24109,2900
24132,2901
24135,2902
24146,2903
24155,2904
24171,2905
24184,2906
24193,2907
24230,2908
24252,2909
24284,2910
24291,2911
24311,2912
24323,2913
24330,2914
24352,2915
24361,2916
24363,2917
24364,2918
24376,2919
24380,2920
24421,2921
24422,2922
24436,2923
24439,2924
24441,2925
24442,2926
24447,2927
24450,2928
24465,2929
24490,2930
24491,2931
24493,2932
24505,2933
24511,2934
24529,2935
24530,2936
24540,2937
24545,2938
24548,2939
24560,2940
24568,2941
24569,2942
24582,2943
24590,2944
24605,2945
24607,2946
24619,2947
24622,2948
24628,2949
24630,2950
24651,2951
24655,2952
24665,2953
24666,2954
24667,2955
24677,2956
24678,2957
24692,2958
24693,2959
24695,2960
24699,2961
24727,2962
24729,2963
24733,2964
24735,2965
24737,2966
24738,2967
24740,2968
24753,2969
24784,2970
24787,2971
24790,2972
24794,2973
24807,2974
24833,2975
24845,2976
24854,2977
24864,2978
24867,2979
24895,2980
24906,2981
24910,2982
24915,2983
24917,2984
24940,2985
24965,2986
24976,2987
24983,2988
24992,2989
25003,2990
25004,2991
25017,2992
25019,2993
25024,2994
25034,2995
25054,2996
25077,2997
25086,2998
25096,2999
25099,3000
25119,3001
25124,3002
25128,3003
25146,3004
25149,3005
25159,3006
25167,3007
25191,3008
25196,3009
25201,3010
25205,3011
25264,3012
25266,3013
25268,3014
25269,3015
25286,3016
25291,3017
25292,3018
25303,3019
25305,3020
25308,3021
25325,3022
25327,3023
25330,3024
25348,3025
25355,3026
25369,3027
25373,3028
25380,3029
25389,3030
25397,3031
25398,3032
25414,3033
25415,3034
25424,3035
25426,3036
25434,3037
25449,3038
25453,3039
25454,3040
25460,3041
25467,3042
25471,3043
25477,3044
25486,3045
25488,3046
25489,3047
25510,3048
25516,3049
25519,3050
25545,3051
25550,3052
25572,3053
25577,3054
25583,3055
25585,3056
25593,3057
25601,3058
25602,3059
25605,3060
25607,3061
25613,3062
25614,3063
25618,3064
25621,3065
25627,3066
25638,3067
25652,3068
25660,3069
25663,3070
25666,3071
25682,3072
25699,3073
25705,3074
25716,3075
25720,3076
25733,3077
25739,3078
25740,3079
25742,3080
25744,3081
25760,3082
25768,3083
25774,3084
25777,3085
25796,3086
25827,3087
25828,3088
25831,3089
25837,3090
25838,3091
25840,3092
25843,3093
25863,3094
25873,3095
25875,3096
25878,3097
25880,3098
25881,3099
25904,3100
25910,3101
25912,3102
25918,3103
25925,3104
25928,3105
25935,3106
25939,3107
25943,3108
25945,3109
25957,3110
25967,3111
25968,3112
25986,3113
25999,3114
26012,3115
26017,3116
26023,3117
26027,3118
26049,3119
26068,3120
26075,3121
26081,3122
26082,3123
26092,3124
26100,3125
26101,3126
26122,3127
26130,3128
26131,3129
26138,3130
26149,3131
26151,3132
26154,3133
26158,3134
26164,3135
26167,3136
26181,3137
26196,3138
26205,3139
26237,3140
26239,3141
26243,3142
26269,3143
26271,3144
26285,3145
26306,3146
26314,3147
26320,3148
26338,3149
26349,3150
26350,3151
26352,3152
26355,3153
26359,3154
26362,3155
26375,3156
26376,3157
26383,3158
26390,3159
26392,3160
26394,3161
26407,3162
26432,3163
26436,3164
26444,3165
26445,3166
26453,3167
26478,3168
26499,3169
26505,3170
26506,3171
26512,3172
26515,3173
26518,3174
26533,3175
26535,3176
26560,3177
26563,3178
26573,3179
26577,3180
26578,3181
26589,3182
26591,3183
26595,3184
26603,3185
26618,3186
26622,3187
26624,3188
26629,3189
26630,3190
26639,3191
26647,3192
26650,3193
26651,3194
26659,3195
26666,3196
26671,3197
26677,3198
26682,3199
26683,3200
26689,3201
26693,3202
26700,3203
26744,3204
26746,3205
26756,3206
26761,3207
26763,3208
26780,3209
26784,3210
26789,3211
26795,3212
26810,3213
26829,3214
26841,3215
26848,3216
26857,3217
26859,3218
26883,3219
26895,3220
26899,3221
26908,3222
26918,3223
26919,3224
26930,3225
26936,3226
26944,3227
26954,3228
26955,3229
26963,3230
26972,3231
26973,3232
26985,3233
26992,3234
27011,3235
27016,3236
27023,3237
27026,3238
27046,3239
27049,3240
27076,3241
27089,3242
27090,3243
27091,3244
27100,3245
27102,3246
27112,3247
27118,3248
27130,3249
27158,3250
27164,3251
27167,3252
27193,3253
27215,3254
27217,3255
27229,3256
27272,3257
27284,3258
27287,3259
27348,3260
27361,3261
27379,3262
27387,3263
27395,3264
27404,3265
27417,3266
27429,3267
27440,3268
27443,3269
27444,3270
27445,3271
27455,3272
27460,3273
27470,3274
27482,3275
27488,3276
27503,3277
27511,3278
27516,3279
27517,3280
27525,3281
27528,3282
27531,3283
27540,3284
27542,3285
27578,3286
27586,3287
27593,3288
27595,3289
27597,3290
27602,3291
27613,3292
27617,3293
27622,3294
27628,3295
27630,3296
27633,3297
27641,3298
27643,3299
27676,3300
27682,3301
27685,3302
27686,3303
27695,3304
27696,3305
27708,3306
27727,3307
27728,3308
27742,3309
27747,3310
27755,3311
27759,3312
27767,3313
27768,3314
27776,3315
27778,3316
27781,3317
27807,3318
27809,3319
27818,3320
27821,3321
27824,3322
27827,3323
27834,3324
27835,3325
27848,3326
27851,3327
27853,3328
27870,3329
27882,3330
27895,3331
27935,3332
27945,3333
27946,3334
27948,3335
27976,3336
27988,3337
27990,3338
27999,3339
28007,3340
28019,3341
28021,3342
28027,3343
28028,3344
28032,3345
28033,3346
28043,3347
28048,3348
28050,3349
28053,3350
28055,3351
28059,3352
28067,3353
28068,3354
28069,3355
28080,3356
28087,3357
28103,3358
28118,3359
28140,3360
28144,3361
28150,3362
28154,3363
28168,3364
28173,3365
28186,3366
28190,3367
28201,3368
28211,3369
28215,3370
28219,3371
28222,3372
28227,3373
28228,3374
28235,3375
28248,3376
28250,3377
28262,3378
28276,3379
28294,3380
28303,3381
28331,3382
28339,3383
28342,3384
28373,3385
28377,3386
28395,3387
28396,3388
28407,3389
28408,3390
28423,3391
28427,3392
28442,3393
28451,3394
28452,3395
28457,3396
28464,3397
28467,3398
28474,3399
28488,3400
28535,3401
28546,3402
28552,3403
28554,3404
28558,3405
28563,3406
28566,3407
28571,3408
28578,3409
28580,3410
28596,3411
28620,3412
28630,3413
28660,3414
28682,3415
28683,3416
28693,3417
28694,3418
28697,3419
28704,3420
28705,3421
28717,3422
28718,3423
28721,3424
28725,3425
28726,3426
28733,3427
28743,3428
28750,3429
28752,3430
28756,3431
28761,3432
28764,3433
28785,3434
28796,3435
28798,3436
28815,3437
28819,3438
28839,3439
28850,3440
28877,3441
28878,3442
28896,3443
28905,3444
28906,3445
28907,3446
28917,3447
28922,3448
28943,3449
28946,3450
28948,3451
28949,3452
28956,3453
28969,3454
28973,3455
28975,3456
28980,3457
28983,3458
28985,3459
28987,3460
28991,3461
29002,3462
29009,3463
29017,3464
29023,3465
29030,3466
29034,3467
29035,3468
29036,3469
29051,3470
29054,3471
29055,3472
29065,3473
29066,3474
29074,3475
29076,3476
29079,3477
29091,3478
29109,3479
29126,3480
29128,3481
29151,3482
29169,3483
29176,3484
29187,3485
29190,3486
29194,3487
29211,3488
29220,3489
29221,3490
29239,3491
29251,3492
29255,3493
29262,3494
29265,3495
29269,3496
29281,3497
29285,3498
29294,3499
29295,3500
29300,3501
29306,3502
29309,3503
29319,3504
29326,3505
29329,3506
29335,3507
29375,3508
29393,3509
29397,3510
29407,3511
29414,3512
29437,3513
29445,3514
29452,3515
29468,3516
29482,3517
29490,3518
29500,3519
29504,3520
29506,3521
29509,3522
29528,3523
29531,3524
29533,3525
29543,3526
29554,3527
29558,3528
29564,3529
29598,3530
29603,3531
29607,3532
29609,3533
29633,3534
29640,3535
29647,3536
29663,3537
29674,3538
29677,3539
29680,3540
29697,3541
29701,3542
29726,3543
29729,3544
29737,3545
29746,3546
29750,3547
29751,3548
29754,3549
29779,3550
29781,3551
29784,3552
29792,3553
29794,3554
29795,3555
29799,3556
29805,3557
29807,3558
29830,3559
29833,3560
29843,3561
29851,3562
29859,3563
29861,3564
29870,3565
29871,3566
29875,3567
29879,3568
29895,3569
29899,3570
29927,3571
29943,3572
29959,3573
29981,3574
30010,3575
30014,3576
30015,3577
30030,3578
30038,3579
30058,3580
30060,3581
30061,3582
30066,3583
30089,3584
30105,3585
30106,3586
30107,3587
30139,3588
30149,3589
30151,3590
30152,3591
30156,3592
30161,3593
30165,3594
30170,3595
30172,3596
30180,3597
30223,3598
30226,3599
30234,3600
30246,3601
30250,3602
30257,3603
30258,3604
30263,3605
30265,3606
30267,3607
30268,3608
30270,3609
30271,3610
30295,3611
30297,3612
30330,3613
30331,3614
30349,3615
30357,3616
30373,3617
30375,3618
30398,3619
30400,3620
30410,3621
30431,3622
30438,3623
30443,3624
30449,3625
30452,3626
30464,3627
30469,3628
30482,3629
30489,3630
30500,3631
30502,3632
30503,3633
30515,3634
30520,3635
30526,3636
30533,3637
30538,3638
30544,3639
30552,3640
30567,3641
30581,3642
30589,3643
30599,3644
30605,3645
30633,3646
30636,3647
30644,3648
30653,3649
30661,3650
30674,3651
30686,3652
30691,3653
30713,3654
30715,3655
30720,3656
30744,3657
30761,3658
30763,3659
30802,3660
30812,3661
30816,3662
30822,3663
30823,3664
30825,3665
30833,3666
30837,3667
30864,3668
30875,3669
30892,3670
30894,3671
30897,3672
30905,3673
30919,3674
30920,3675
30922,3676
30950,3677
30969,3678
30976,3679
30986,3680
30999,3681
31001,3682
31018,3683
31020,3684
31021,3685
31022,3686
31064,3687
31068,3688
31074,3689
31135,3690
31136,3691
31149,3692
31153,3693
31169,3694
31175,3695
31184,3696
31191,3697
31193,3698
31207,3699
31209,3700
31210,3701
31214,3702
31217,3703
31221,3704
31232,3705
31233,3706
31253,3707
31271,3708
31272,3709
31295,3710
31296,3711
31314,3712
31319,3713
31323,3714
31332,3715
31333,3716
31343,3717
31354,3718
31355,3719
31356,3720
31362,3721
31367,3722
31383,3723
31389,3724
31400,3725
31402,3726
31422,3727
31427,3728
31439,3729
31441,3730
31443,3731
31450,3732
31458,3733
31482,3734
31495,3735
31515,3736
31525,3737
31528,3738
31531,3739
31541,3740
31562,3741
31564,3742
31606,3743
31613,3744
31634,3745
31653,3746
31654,3747
31668,3748
31669,3749
31676,3750
31682,3751
31686,3752
31705,3753
31712,3754
31716,3755
31722,3756
31726,3757
31745,3758
31747,3759
31757,3760
31758,3761
31769,3762
31775,3763
31789,3764
31795,3765
31802,3766
31817,3767
31821,3768
31826,3769
31838,3770
31846,3771
31850,3772
31857,3773
31863,3774
31869,3775
31878,3776
31883,3777
31901,3778
31902,3779
31908,3780
31913,3781
31918,3782
31936,3783
31945,3784
31951,3785
31955,3786
31974,3787
31978,3788
31986,3789
31987,3790
31993,3791
32019,3792
32022,3793
32024,3794
32025,3795
32029,3796
32032,3797
32044,3798
32054,3799
32055,3800
32056,3801
32057,3802
32065,3803
32067,3804
32069,3805
32074,3806
32089,3807
32090,3808
32095,3809
32099,3810
32128,3811
32143,3812
32150,3813
32154,3814
32155,3815
32162,3816
32198,3817
32201,3818
32209,3819
32210,3820
32215,3821
32218,3822
32221,3823
32228,3824
32229,3825
32248,3826
32249,3827
32256,3828
32263,3829
32282,3830
32286,3831
32290,3832
32297,3833
32301,3834
32302,3835
32342,3836
32353,3837
32355,3838
32356,3839
32360,3840
32370,3841
32378,3842
32387,3843
32391,3844
32400,3845
32409,3846
32413,3847
32419,3848
32426,3849
32446,3850
32452,3851
32483,3852
32484,3853
32493,3854
32494,3855
32499,3856
32520,3857
32543,3858
32545,3859
32549,3860
32558,3861
32569,3862
32589,3863
32621,3864
32632,3865
32635,3866
32643,3867
32649,3868
32656,3869
32665,3870
32671,3871
32675,3872
32676,3873
32677,3874
32678,3875
32682,3876
32690,3877
32695,3878
32710,3879
32716,3880
32724,3881
32732,3882
32740,3883
32759,3884
32766,3885
32779,3886
32787,3887
32790,3888
32791,3889
32792,3890
32805,3891
32807,3892
32812,3893
32813,3894
32826,3895
32840,3896
32842,3897
32857,3898
32861,3899
32871,3900
32873,3901
32877,3902
32890,3903
32904,3904
32923,3905
32927,3906
32954,3907
32955,3908
32964,3909
32968,3910
32980,3911
32990,3912
33009,3913
33034,3914
33045,3915
33056,3916
33061,3917
33063,3918
33073,3919
33109,3920
33110,3921
33127,3922
33131,3923
33141,3924
33160,3925
33162,3926
33172,3927
33174,3928
33175,3929
33194,3930
33203,3931
33220,3932
33226,3933
33228,3934
33249,3935
33262,3936
33264,3937
33266,3938
33270,3939
33272,3940
33274,3941
33281,3942
33284,3943
33300,3944
33319,3945
33350,3946
33367,3947
33400,3948
33403,3949
33404,3950
33407,3951
33411,3952
33424,3953
33429,3954
33433,3955
33439,3956
33445,3957
33471,3958
33488,3959
33490,3960
33521,3961
33534,3962
33535,3963
33538,3964
33549,3965
33556,3966
33558,3967
33560,3968
33565,3969
33572,3970
33585,3971
33591,3972
33597,3973
33619,3974
33621,3975
33657,3976
33683,3977
33691,3978
33694,3979
33697,3980
33707,3981
33708,3982
33712,3983
33718,3984
33722,3985
33725,3986
33746,3987
33761,3988
33767,3989
33768,3990
33772,3991
33777,3992
33789,3993
33792,3994
33815,3995
33823,3996
33836,3997
33839,3998
33843,3999
33847,4000
33857,4001
33911,4002
33922,4003
33933,4004
33940,4005
33948,4006
33954,4007
33964,4008
33969,4009
33974,4010
33977,4011
34002,4012
34009,4013
34024,4014
34025,4015
34056,4016
34079,4017
34095,4018
34096,4019
34107,4020
34110,4021
34113,4022
34131,4023
34135,4024
34137,4025
34141,4026
34147,4027
34150,4028
34151,4029
34161,4030
34166,4031
34180,4032
34187,4033
34192,4034
34195,4035
34202,4036
34208,4037
34219,4038
34244,4039
34273,4040
34278,4041
34282,4042
34284,4043
34304,4044
34307,4045
34311,4046
34314,4047
34320,4048
34327,4049
34329,4050
34336,4051
34338,4052
34356,4053
34377,4054
34384,4055
34389,4056
34391,4057
34395,4058
34399,4059
34405,4060
34408,4061
34409,4062
34434,4063
34439,4064
34450,4065
34455,4066
34456,4067
34457,4068
34473,4069
34474,4070
34486,4071
34506,4072
34528,4073
34544,4074
34546,4075
34547,4076
34553,4077
34562,4078
34592,4079
34608,4080
34610,4081
34616,4082
34621,4083
34622,4084
34647,4085
34655,4086
34658,4087
34665,4088
34668,4089
34702,4090
34723,4091
34732,4092
34738,4093
34756,4094
34766,4095
34777,4096
34779,4097
34791,4098
34794,4099
34802,4100
34808,4101
34818,4102
34829,4103
34835,4104
34860,4105
34861,4106
34880,4107
34887,4108
34898,4109
34902,4110
34913,4111
34931,4112
34946,4113
34958,4114
34964,4115
34982,4116
34985,4117
34989,4118
34996,4119
35024,4120
35027,4121
35033,4122
35050,4123
35051,4124
35054,4125
35065,4126
35081,4127
35084,4128
35102,4129
35133,4130
35142,4131
35144,4132
35151,4133
35167,4134
35185,4135
35190,4136
35197,4137
35199,4138
35200,4139
35202,4140
35210,4141
35211,4142
35212,4143
35222,4144
35233,4145
35236,4146
35252,4147
35268,4148
35283,4149
35290,4150
35302,4151
35309,4152
35322,4153
35323,4154
35324,4155
35332,4156
35359,4157
35363,4158
35375,4159
35377,4160
35378,4161
35384,4162
35398,4163
35400,4164
35408,4165
35435,4166
35446,4167
35452,4168
35465,4169
35471,4170
35475,4171
35489,4172
35502,4173
35503,4174
35506,4175
35518,4176
35528,4177
35529,4178
35536,4179
35538,4180
35545,4181
35553,4182
35579,4183
35616,4184
35617,4185
35623,4186
35624,4187
35659,4188
35665,4189
35688,4190
35689,4191
35691,4192
35693,4193
35694,4194
35696,4195
35699,4196
35711,4197
35714,4198
35720,4199
35733,4200
35739,4201
35748,4202
35749,4203
35756,4204
35769,4205
35772,4206
35773,4207
35774,4208
35783,4209
35786,4210
35792,4211
35794,4212
35797,4213
35798,4214
35799,4215
35800,4216
35803,4217
35807,4218
35815,4219
35821,4220
35824,4221
35833,4222
35837,4223
35839,4224
35854,4225
35855,4226
35863,4227
35865,4228
35879,4229
35880,4230
35891,4231
35895,4232
35915,4233
35935,4234
35937,4235
35948,4236
35977,4237
35979,4238
35981,4239
35991,4240
35995,4241
35996,4242
35997,4243
36004,4244
36018,4245
36023,4246
36033,4247
36037,4248
36059,4249
36060,4250
36061,4251
36084,4252
36101,4253
36105,4254
36112,4255
36118,4256
36122,4257
36125,4258
36136,4259
36143,4260
36147,4261
36158,4262
36177,4263
36183,4264
36192,4265
36193,4266
36230,4267
36233,4268
36257,4269
36258,4270
36259,4271
36278,4272
36287,4273
36299,4274
36307,4275
36321,4276
36334,4277
36350,4278
36352,4279
36353,4280
36355,4281
36359,4282
36363,4283
36377,4284
36379,4285
36385,4286
36387,4287
36388,4288
36419,4289
36421,4290
36424,4291
36435,4292
36440,4293
36455,4294
36457,4295
36470,4296
36475,4297
36495,4298
36506,4299
36525,4300
36527,4301
36533,4302
36539,4303
36547,4304
36559,4305
36560,4306
36562,4307
36569,4308
36573,4309
36581,4310
36586,4311
36587,4312
36588,4313
36594,4314
36596,4315
36598,4316
36603,4317
36608,4318
36612,4319
36616,4320
36622,4321
36626,4322
36644,4323
36667,4324
36673,4325
36676,4326
36677,4327
36684,4328
36687,4329
36702,4330
36712,4331
36722,4332
36737,4333
36739,4334
36744,4335
36751,4336
36762,4337
36766,4338
36779,4339
36783,4340
36790,4341
36799,4342
36809,4343
36829,4344
36831,4345
36832,4346
36852,4347
36859,4348
36865,4349
36879,4350
36886,4351
36894,4352
36902,4353
36919,4354
36923,4355
36930,4356
36937,4357
36953,4358
36954,4359
36958,4360
36968,4361
36969,4362
36976,4363
36981,4364
37003,4365
37007,4366
37011,4367
37019,4368
37038,4369
37045,4370
37059,4371
37061,4372
37077,4373
37088,4374
37090,4375
37099,4376
37108,4377
37118,4378
37125,4379
37131,4380
37133,4381
37135,4382
37137,4383
37166,4384
37171,4385
37173,4386
37179,4387
37184,4388
37188,4389
37204,4390
37207,4391
37211,4392
37218,4393
37223,4394
37226,4395
37237,4396
37246,4397
37265,4398
37266,4399
37267,4400
37268,4401
37283,4402
37286,4403
37304,4404
37312,4405
37321,4406
37323,4407
37325,4408
37327,4409
37332,4410
37335,4411
37368,4412
37378,4413
37381,4414
37384,4415
37394,4416
37418,4417
37422,4418
37444,4419
37448,4420
37453,4421
37466,4422
37468,4423
37476,4424
37485,4425
37496,4426
37502,4427
37505,4428
37508,4429
37514,4430
37528,4431
37529,4432
37548,4433
37550,4434
37555,4435
37559,4436
37583,4437
37588,4438
37589,4439
37597,4440
37598,4441
37599,4442
37610,4443
37614,4444
37634,4445
37646,4446
37649,4447
37650,4448
37657,4449
37673,4450
37676,4451
37714,4452
37722,4453
37727,4454
37728,4455
37737,4456
37759,4457
37765,4458
37771,4459
37777,4460
37779,4461
37784,4462
37790,4463
37797,4464
37807,4465
37810,4466
37812,4467
37834,4468
37850,4469
37871,4470
37877,4471
37878,4472
37879,4473
37890,4474
37894,4475
37900,4476
37901,4477
37963,4478
37968,4479
37983,4480
37984,4481
37986,4482
37987,4483
37991,4484
37998,4485
38019,4486
38021,4487
38023,4488
38025,4489
38027,4490
38035,4491
38041,4492
38054,4493
38061,4494
38062,4495
38093,4496
38095,4497
38100,4498
38110,4499
38112,4500
38113,4501
38114,4502
38115,4503
38116,4504
38119,4505
38131,4506
38145,4507
38148,4508
38154,4509
38181,4510
38186,4511
38192,4512
38193,4513
38194,4514
38200,4515
38219,4516
38220,4517
38244,4518
38248,4519
38251,4520
38252,4521
38270,4522
38277,4523
38279,4524
38291,4525
38294,4526
38300,4527
38306,4528
38323,4529
38326,4530
38330,4531
38332,4532
38337,4533
38357,4534
38361,4535
38366,4536
38369,4537
38372,4538
38373,4539
38389,4540
38390,4541
38397,4542
38399,4543
38406,4544
38408,4545
38414,4546
38417,4547
38430,4548
38436,4549
38450,4550
38461,4551
38466,4552
38483,4553
38522,4554
38534,4555
38562,4556
38589,4557
38590,4558
38592,4559
38611,4560
38613,4561
38667,4562
38672,4563
38673,4564
38682,4565
38687,4566
38693,4567
38701,4568
38708,4569
38710,4570
38714,4571
38717,4572
38736,4573
38738,4574
38761,4575
38800,4576
38803,4577
38814,4578
38821,4579
38826,4580
38828,4581
38832,4582
38840,4583
38842,4584
38856,4585
38859,4586
38862,4587
38864,4588
38869,4589
38891,4590
38895,4591
38906,4592
38913,4593
38916,4594
38938,4595
38947,4596
38950,4597
38951,4598
38963,4599
38967,4600
38972,4601
38978,4602
39009,4603
39021,4604
39032,4605
39044,4606
39049,4607
39060,4608
39071,4609
39089,4610
39095,4611
39112,4612
39117,4613
39133,4614
39139,4615
39150,4616
39151,4617
39156,4618
39158,4619
39160,4620
39164,4621
39171,4622
39179,4623
39185,4624
39193,4625
39199,4626
39214,4627
39221,4628
39224,4629
39231,4630
39240,4631
39262,4632
39266,4633
39268,4634
39275,4635
39278,4636
39280,4637
39283,4638
39284,4639
39301,4640
39303,4641
39313,4642
39316,4643
39328,4644
39335,4645
39336,4646
39347,4647
39351,4648
39384,4649
39386,4650
39388,4651
39399,4652
39400,4653
39415,4654
39429,4655
39435,4656
39436,4657
39441,4658
39455,4659
39460,4660
39471,4661
39493,4662
39495,4663
39500,4664
39526,4665
39527,4666
39528,4667
39535,4668
39539,4669
39553,4670
39554,4671
39559,4672
39583,4673
39585,4674
39590,4675
39591,4676
39600,4677
39606,4678
39630,4679
39631,4680
39644,4681
39647,4682
39654,4683
39656,4684
39663,4685
39679,4686
39681,4687
39682,4688
39688,4689
39692,4690
39699,4691
39706,4692
39732,4693
39741,4694
39753,4695
39767,4696
39770,4697
39772,4698
39774,4699
39783,4700
39802,4701
39806,4702
39817,4703
39818,4704
39819,4705
39825,4706
39858,4707
39868,4708
39870,4709
39887,4710
39897,4711
39898,4712
39911,4713
39923,4714
39959,4715
39975,4716
39990,4717
39994,4718
40006,4719
40007,4720
40008,4721
40011,4722
40027,4723
40035,4724
40040,4725
40048,4726
40052,4727
40065,4728
40067,4729
40069,4730
40073,4731
40077,4732
40079,4733
40086,4734
40087,4735
40108,4736
40120,4737
40126,4738
40131,4739
40148,4740
40161,4741
40193,4742
40204,4743
40205,4744
40206,4745
40214,4746
40222,4747
40233,4748
40235,4749
40241,4750
40248,4751
40254,4752
40258,4753
40264,4754
40265,4755
40271,4756
40273,4757
40276,4758
40279,4759
40296,4760
40297,4761
40305,4762
40309,4763
40335,4764
40338,4765
40347,4766
40359,4767
40362,4768
40379,4769
40385,4770
40387,4771
40388,4772
40389,4773
40390,4774
40397,4775
40403,4776
40407,4777
40410,4778
40418,4779
40419,4780
40441,4781
40443,4782
40465,4783
40468,4784
40475,4785
40486,4786
40487,4787
40488,4788
40514,4789
40521,4790
40523,4791
40526,4792
40529,4793
40533,4794
40537,4795
40541,4796
40559,4797
40566,4798
40589,4799
40607,4800
40619,4801
40621,4802
40631,4803
40637,4804
40664,4805
40686,4806
40697,4807
40704,4808
40708,4809
40721,4810
40723,4811
40746,4812
40764,4813
40765,4814
40768,4815
40786,4816
40788,4817
40790,4818
40792,4819
40805,4820
40829,4821
40831,4822
40838,4823
40842,4824
40845,4825
40849,4826
40851,4827
40852,4828
40853,4829
40856,4830
40860,4831
40861,4832
40890,4833
40895,4834
40919,4835
40933,4836
40952,4837
40958,4838
40964,4839
40970,4840
40971,4841
40979,4842
40988,4843
40993,4844
41009,4845
41014,4846
41031,4847
41032,4848
41034,4849
41043,4850
41096,4851
41106,4852
41115,4853
41116,4854
41118,4855
41132,4856
41133,4857
41145,4858
41148,4859
41173,4860
41185,4861
41229,4862
41259,4863
41261,4864
41282,4865
41284,4866
41290,4867
41298,4868
41306,4869
41315,4870
41316,4871
41325,4872
41328,4873
41333,4874
41336,4875
41347,4876
41353,4877
41373,4878
41412,4879
41422,4880
41438,4881
41441,4882
41485,4883
41493,4884
41514,4885
41543,4886
41544,4887
41555,4888
41556,4889
41559,4890
41566,4891
41571,4892
41575,4893
41583,4894
41584,4895
41591,4896
41595,4897
41604,4898
41605,4899
41609,4900
41616,4901
41623,4902
41636,4903
41637,4904
41640,4905
41646,4906
41656,4907
41660,4908
41665,4909
41668,4910
41670,4911
41674,4912
41678,4913
41687,4914
41688,4915
41692,4916
41697,4917
41698,4918
41699,4919
41722,4920
41726,4921
41757,4922
41759,4923
41764,4924
41767,4925
41783,4926
41787,4927
41788,4928
41798,4929
41810,4930
41817,4931
41818,4932
41839,4933
41848,4934
41849,4935
41858,4936
41861,4937
41870,4938
41873,4939
41889,4940
41900,4941
41904,4942
41914,4943
41922,4944
41932,4945
41935,4946
41951,4947
41957,4948
41963,4949
41967,4950
41972,4951
41978,4952
42000,4953
42021,4954
42028,4955
42034,4956
42035,4957
42036,4958
42044,4959
42046,4960
42058,4961
42060,4962
42075,4963
42098,4964
42099,4965
42112,4966
42113,4967
42126,4968
42127,4969
42147,4970
42148,4971
42152,4972
42156,4973
42162,4974
42166,4975
42170,4976
42172,4977
42174,4978
42181,4979
42184,4980
42205,4981
42214,4982
42231,4983
42232,4984
42241,4985
42244,4986
42250,4987
42258,4988
42269,4989
42278,4990
42293,4991
42296,4992
42303,4993
42327,4994
42328,4995
42350,4996
42364,4997
42373,4998
42377,4999
42380,5000
42384,5001
42405,5002
42426,5003
42440,5004
42443,5005
42444,5006
42450,5007
42453,5008
42454,5009
42457,5010
42459,5011
42464,5012
42479,5013
42484,5014
42492,5015
42507,5016
42516,5017
42518,5018
42532,5019
42550,5020
42557,5021
42558,5022
42560,5023
42570,5024
42575,5025
42587,5026
42588,5027
42590,5028
42604,5029
42628,5030
42631,5031
42637,5032
42639,5033
42665,5034
42670,5035
42676,5036
42683,5037
42706,5038
42715,5039
42717,5040
42730,5041
42741,5042
42745,5043
42754,5044
42771,5045
42789,5046
42821,5047
42823,5048
42831,5049
42834,5050
42835,5051
42842,5052
42854,5053
42863,5054
42871,5055
42878,5056
42885,5057
42889,5058
42892,5059
42921,5060
42925,5061
42926,5062
42942,5063
42944,5064
42953,5065
42960,5066
42970,5067
42971,5068
42975,5069
42978,5070
42981,5071
42982,5072
42988,5073
42990,5074
42991,5075
42992,5076
43002,5077
43006,5078
43010,5079
43022,5080
43033,5081
43048,5082
43055,5083
43058,5084
43064,5085
43066,5086
43090,5087
43098,5088
43099,5089
43103,5090
43109,5091
43111,5092
43112,5093
43120,5094
43126,5095
43132,5096
43133,5097
43136,5098
43147,5099
43150,5100
43152,5101
43153,5102
43174,5103
43177,5104
43180,5105
43183,5106
43194,5107
43203,5108
43204,5109
43206,5110
43209,5111
43211,5112
43221,5113
43223,5114
43225,5115
43239,5116
43242,5117
43244,5118
43256,5119
43259,5120
43265,5121
43281,5122
43283,5123
43291,5124
43300,5125
43306,5126
43319,5127
43326,5128
43328,5129
43329,5130
43337,5131
43341,5132
43342,5133
43346,5134
43349,5135
43370,5136
43372,5137
43373,5138
43375,5139
43381,5140
43390,5141
43401,5142
43404,5143
43413,5144
43420,5145
43436,5146
43440,5147
43451,5148
43471,5149
43480,5150
43500,5151
43506,5152
43529,5153
43530,5154
43534,5155
43539,5156
43542,5157
43554,5158
43555,5159
43563,5160
43566,5161
43574,5162
43606,5163
43611,5164
43621,5165
43647,5166
43649,5167
43651,5168
43652,5169
43653,5170
43655,5171
43658,5172
43662,5173
43663,5174
43666,5175
43684,5176
43693,5177
43695,5178
43697,5179
43704,5180
43708,5181
43714,5182
43718,5183
43720,5184
43732,5185
43754,5186
43756,5187
43789,5188
43791,5189
43793,5190
43806,5191
43811,5192
43816,5193
43832,5194
43842,5195
43848,5196
43849,5197
43873,5198
43898,5199
43905,5200
43908,5201
43909,5202
43914,5203
43916,5204
43921,5205
43934,5206
43936,5207
43938,5208
43944,5209
43949,5210
43961,5211
43964,5212
43966,5213
43982,5214
43985,5215
44014,5216
44021,5217
44033,5218
44045,5219
44070,5220
44071,5221
44077,5222
44078,5223
44086,5224
44089,5225
44093,5226
44097,5227
44100,5228
44106,5229
44110,5230
44112,5231
44122,5232
44126,5233
44135,5234
44138,5235
44151,5236
44152,5237
44181,5238
44185,5239
44188,5240
44211,5241
44220,5242
44225,5243
44226,5244
44243,5245
44244,5246
44260,5247
44280,5248
44285,5249
44291,5250
44307,5251
44340,5252
44349,5253
44352,5254
44362,5255
44386,5256
44400,5257
44405,5258
44413,5259
44433,5260
44446,5261
44447,5262
44453,5263
44454,5264
44466,5265
44470,5266
44487,5267
44488,5268
44490,5269
44492,5270
44504,5271
44512,5272
44521,5273
44538,5274
44540,5275
44558,5276
44563,5277
44577,5278
44580,5279
44581,5280
44620,5281
44622,5282
44633,5283
44642,5284
44651,5285
44662,5286
44663,5287
44666,5288
44669,5289
44671,5290
44677,5291
44678,5292
44721,5293
44736,5294
44753,5295
44758,5296
44763,5297
44765,5298
44767,5299
44800,5300
44805,5301
44815,5302
44817,5303
44822,5304
44823,5305
44836,5306
44842,5307
44853,5308
44866,5309
44867,5310
44880,5311
44889,5312
44898,5313
44901,5314
44911,5315
44926,5316
44936,5317
44962,5318
44967,5319
44968,5320
44970,5321
44971,5322
44977,5323
44978,5324
44982,5325
44990,5326
45003,5327
45015,5328
45038,5329
45049,5330
45062,5331
45076,5332
45086,5333
45094,5334
45131,5335
45134,5336
45149,5337
45162,5338
45164,5339
45167,5340
45174,5341
45175,5342
45177,5343
45182,5344
45197,5345
45199,5346
45201,5347
45204,5348
45206,5349
45209,5350
45217,5351
45218,5352
45243,5353
45246,5354
45248,5355
45251,5356
45283,5357
45293,5358
45306,5359
45309,5360
45317,5361
45319,5362
45320,5363
45326,5364
45333,5365
45348,5366
45349,5367
45356,5368
45357,5369
45359,5370
45361,5371
45368,5372
45373,5373
45383,5374
45392,5375
45395,5376
45409,5377
45412,5378
45426,5379
45445,5380
45458,5381
45462,5382
45476,5383
45478,5384
45487,5385
45490,5386
45491,5387
45498,5388
45499,5389
45504,5390
45515,5391
45518,5392
45525,5393
45532,5394
45542,5395
45569,5396
45573,5397
45583,5398
45586,5399
45589,5400
45612,5401
45619,5402
45632,5403
45664,5404
45667,5405
45692,5406
45693,5407
45695,5408
45698,5409
45711,5410
45714,5411
45723,5412
45734,5413
45743,5414
45747,5415
45748,5416
45764,5417
45771,5418
45786,5419
45794,5420
45806,5421
45814,5422
45826,5423
45829,5424
45834,5425
45838,5426
45854,5427
45865,5428
45869,5429
45870,5430
45887,5431
45892,5432
45896,5433
45904,5434
45924,5435
45928,5436
45940,5437
45959,5438
45961,5439
45967,5440
45968,5441
45992,5442
45994,5443
45996,5444
46006,5445
46025,5446
46027,5447
46034,5448
46036,5449
46041,5450
46068,5451
46076,5452
46078,5453
46081,5454
46105,5455
46107,5456
46110,5457
46118,5458
46124,5459
46129,5460
46136,5461
46137,5462
46138,5463
46152,5464
46160,5465
46175,5466
46178,5467
46187,5468
46218,5469
46224,5470
46234,5471
46238,5472
46244,5473
46268,5474
46274,5475
46277,5476
46283,5477
46289,5478
46291,5479
46293,5480
46300,5481
46316,5482
46321,5483
46331,5484
46348,5485
46375,5486
46399,5487
46400,5488
46403,5489
46421,5490
46426,5491
46429,5492
46440,5493
46443,5494
46462,5495
46472,5496
46485,5497
46496,5498
46500,5499
46508,5500
46512,5501
46514,5502
46520,5503
46529,5504
46555,5505
46567,5506
46590,5507
46596,5508
46597,5509
46616,5510
46624,5511
46629,5512
46631,5513
46632,5514
46648,5515
46664,5516
46673,5517
46704,5518
46714,5519
46721,5520
46749,5521
46754,5522
46755,5523
46758,5524
46769,5525
46774,5526
46780,5527
46788,5528
46789,5529
46797,5530
46808,5531
46816,5532
46817,5533
46821,5534
46829,5535
46830,5536
46839,5537
46856,5538
46862,5539
46863,5540
46883,5541
46885,5542
46892,5543
46894,5544
46900,5545
46903,5546
46911,5547
46914,5548
46918,5549
46921,5550
46929,5551
46940,5552
46941,5553
46949,5554
46952,5555
46960,5556
46974,5557
46983,5558
46988,5559
46992,5560
46997,5561
47003,5562
47008,5563
47019,5564
47032,5565
47043,5566
47058,5567
47060,5568
47071,5569
47073,5570
47085,5571
47086,5572
47091,5573
47096,5574
47106,5575
47113,5576
47116,5577
47128,5578
47131,5579
47136,5580
47145,5581
47162,5582
47164,5583
47169,5584
47174,5585
47179,5586
47184,5587
47185,5588
47186,5589
47191,5590
47194,5591
47199,5592
47204,5593
47205,5594
47211,5595
47215,5596
47223,5597
47225,5598
47231,5599
47235,5600
47240,5601
47256,5602
47272,5603
47276,5604
47279,5605
47290,5606
47298,5607
47321,5608
47328,5609
47335,5610
47337,5611
47338,5612
47355,5613
47378,5614
47382,5615
47400,5616
47408,5617
47431,5618
47445,5619
47447,5620
47465,5621
47470,5622
47485,5623
47504,5624
47514,5625
47520,5626
47530,5627
47542,5628
47544,5629
47546,5630
47557,5631
47566,5632
47568,5633
47579,5634
47581,5635
47585,5636
47604,5637
47609,5638
47617,5639
47620,5640
47626,5641
47632,5642
47633,5643
47650,5644
47653,5645
47659,5646
47676,5647
47690,5648
47693,5649
47707,5650
47714,5651
47754,5652
47771,5653
47774,5654
47776,5655
47786,5656
47791,5657
47795,5658
47797,5659
47801,5660
47817,5661
47825,5662
47829,5663
47832,5664
47845,5665
47853,5666
47874,5667
47901,5668
47903,5669
47905,5670
47927,5671
47934,5672
47935,5673
47939,5674
47940,5675
47947,5676
47948,5677
47967,5678
47973,5679
47983,5680
48016,5681
48018,5682
48036,5683
48038,5684
48040,5685
48047,5686
48049,5687
48054,5688
48059,5689
48070,5690
48074,5691
48107,5692
48131,5693
48135,5694
48146,5695
48170,5696
48176,5697
48177,5698
48192,5699
48214,5700
48215,5701
48230,5702
48238,5703
48247,5704
48248,5705
48254,5706
48261,5707
48267,5708
48270,5709
48293,5710
48295,5711
48296,5712
48301,5713
48303,5714
48350,5715
48370,5716
48418,5717
48424,5718
48476,5719
48485,5720
48487,5721
48490,5722
48492,5723
48495,5724
48496,5725
48501,5726
48503,5727
48532,5728
48537,5729
48546,5730
48553,5731
48561,5732
48563,5733
48576,5734
48579,5735
48580,5736
48581,5737
48586,5738
48590,5739
48616,5740
48619,5741
48643,5742
48647,5743
48659,5744
48663,5745
48672,5746
48674,5747
48675,5748
48679,5749
48689,5750
48693,5751
48699,5752
48708,5753
48710,5754
48722,5755
48729,5756
48750,5757
48756,5758
48757,5759
48759,5760
48765,5761
48776,5762
48777,5763
48789,5764
48790,5765
48795,5766
48797,5767
48811,5768
48817,5769
48818,5770
48827,5771
48828,5772
48832,5773
48834,5774
48840,5775
48864,5776
48889,5777
48890,5778
48892,5779
48897,5780
48904,5781
48915,5782
48941,5783
48950,5784
48956,5785
48961,5786
48964,5787
48975,5788
48999,5789
49000,5790
49012,5791
49013,5792
49014,5793
49015,5794
49016,5795
49026,5796
49027,5797
49031,5798
49042,5799
49046,5800
49054,5801
49059,5802
49082,5803
49110,5804
49117,5805
49121,5806
49126,5807
49131,5808
49153,5809
49164,5810
49174,5811
49176,5812
49180,5813
49184,5814
49191,5815
49200,5816
49203,5817
49209,5818
49219,5819
49221,5820
49229,5821
49241,5822
49251,5823
49252,5824
49263,5825
49297,5826
49314,5827
49318,5828
49321,5829
49322,5830
49326,5831
49344,5832
49346,5833
49354,5834
49356,5835
49358,5836
49380,5837
49390,5838
49411,5839
49418,5840
49429,5841
49435,5842
49440,5843
49447,5844
49478,5845
49488,5846
49497,5847
49507,5848
49512,5849
49585,5850
49587,5851
49592,5852
49598,5853
49599,5854
49606,5855
49616,5856
49626,5857
49628,5858
49632,5859
49639,5860
49646,5861
49652,5862
49659,5863
49673,5864
49685,5865
49687,5866
49692,5867
49699,5868
49702,5869
49717,5870
49731,5871
49734,5872
49742,5873
49752,5874
49756,5875
49762,5876
49774,5877
49789,5878
49798,5879
49800,5880
49814,5881
49821,5882
49822,5883
49823,5884
49826,5885
49828,5886
49834,5887
49836,5888
49837,5889
49838,5890
49851,5891
49852,5892
49855,5893
49859,5894
49862,5895
49895,5896
49904,5897
49907,5898
49912,5899
49915,5900
49923,5901
49924,5902
49936,5903
49960,5904
49964,5905
49967,5906
49975,5907
50021,5908
50028,5909
50039,5910
50041,5911
50042,5912
50061,5913
50085,5914
50087,5915
50112,5916
50114,5917
50118,5918
50143,5919
50147,5920
50164,5921
50171,5922
50174,5923
50184,5924
50191,5925
50192,5926
50193,5927
50198,5928
50201,5929
50207,5930
50209,5931
50217,5932
50219,5933
50226,5934
50233,5935
50249,5936
50250,5937
50270,5938
50279,5939
50283,5940
50287,5941
50300,5942
50316,5943
50318,5944
50329,5945
50330,5946
50333,5947
50336,5948
50358,5949
50361,5950
50379,5951
50394,5952
50412,5953
50426,5954
50428,5955
50435,5956
50446,5957
50451,5958
50452,5959
50463,5960
50465,5961
50466,5962
50481,5963
50483,5964
50485,5965
50489,5966
50519,5967
50523,5968
50525,5969
50527,5970
50539,5971
50546,5972
50571,5973
50580,5974
50583,5975
50592,5976
50595,5977
50597,5978
50601,5979
50603,5980
50605,5981
50608,5982
50613,5983
50617,5984
50624,5985
50625,5986
50633,5987
50635,5988
50643,5989
50648,5990
50654,5991
50666,5992
50679,5993
50681,5994
50693,5995
50695,5996
50713,5997
50722,5998
50731,5999
50778,6000
50782,6001
50792,6002
50796,6003
50804,6004
50830,6005
50832,6006
50860,6007
50871,6008
50879,6009
50896,6010
50901,6011
50908,6012
50915,6013
50921,6014
50924,6015
50932,6016
50938,6017
50952,6018
50957,6019
50966,6020
50978,6021
50991,6022
50996,6023
50998,6024
50999,6025
51014,6026
51020,6027
51022,6028
51031,6029
51047,6030
51053,6031
51059,6032
51061,6033
51066,6034
51072,6035
51073,6036
51081,6037
51086,6038
51093,6039
51096,6040
51141,6041
51143,6042
51181,6043
51182,6044
51193,6045
51194,6046
51202,6047
51215,6048
51216,6049
51217,6050
51228,6051
51250,6052
51252,6053
51261,6054
51263,6055
51266,6056
51276,6057
51283,6058
51287,6059
51290,6060
51301,6061
51305,6062
51306,6063
51307,6064
51314,6065
51325,6066
51326,6067
51332,6068
51341,6069
51372,6070
51377,6071
51388,6072
51398,6073
51413,6074
51416,6075
51421,6076
51431,6077
51434,6078
51440,6079
51441,6080
51448,6081
51451,6082
51466,6083
51480,6084
51485,6085
51489,6086
51491,6087
51504,6088
51505,6089
51511,6090
51515,6091
51531,6092
51549,6093
51554,6094
51558,6095
51565,6096
51566,6097
51568,6098
51575,6099
51591,6100
51592,6101
51595,6102
51597,6103
51602,6104
51606,6105
51611,6106
51621,6107
51627,6108
51628,6109
51638,6110
51643,6111
51680,6112
51695,6113
51697,6114
51699,6115
51711,6116
51717,6117
51743,6118
51754,6119
51797,6120
51811,6121
51827,6122
51833,6123
51838,6124
51839,6125
51841,6126
51854,6127
51862,6128
51863,6129
51869,6130
51885,6131
51898,6132
51900,6133
51905,6134
51914,6135
51920,6136
51921,6137
51946,6138
51948,6139
51965,6140
51976,6141
51985,6142
51998,6143
52003,6144
52004,6145
52006,6146
52008,6147
52018,6148
52032,6149
52039,6150
52045,6151
52057,6152
52072,6153
52088,6154
52090,6155
52091,6156
52099,6157
52101,6158
52125,6159
52139,6160
52145,6161
52149,6162
52168,6163
52169,6164
52183,6165
52184,6166
52189,6167
52201,6168
52202,6169
52221,6170
52224,6171
52233,6172
52258,6173
52279,6174
52293,6175
52298,6176
52299,6177
52312,6178
52313,6179
52350,6180
52359,6181
52380,6182
52386,6183
52393,6184
52394,6185
52417,6186
52419,6187
52426,6188
52431,6189
52446,6190
52449,6191
52451,6192
52456,6193
52457,6194
52458,6195
52459,6196
52462,6197
52465,6198
52471,6199
52486,6200
52487,6201
52517,6202
52518,6203
52522,6204
52531,6205
52540,6206
52544,6207
52547,6208
52553,6209
52558,6210
52561,6211
52572,6212
52576,6213
52588,6214
52594,6215
52606,6216
52617,6217
52618,6218
52623,6219
52641,6220
52654,6221
52660,6222
52662,6223
52691,6224
52697,6225
52700,6226
52725,6227
52754,6228
52775,6229
52790,6230
52814,6231
52822,6232
52844,6233
52850,6234
52852,6235
52854,6236
52857,6237
52859,6238
52874,6239
52878,6240
52887,6241
52915,6242
52921,6243
52929,6244
52935,6245
52939,6246
52947,6247
52949,6248
52957,6249
52959,6250
52963,6251
52976,6252
53003,6253
53005,6254
53006,6255
53014,6256
53019,6257
53022,6258
53042,6259
53044,6260
53046,6261
53048,6262
53049,6263
53065,6264
53072,6265
53084,6266
53097,6267
53100,6268
53107,6269
53113,6270
53116,6271
53128,6272
53137,6273
53143,6274
53160,6275
53170,6276
53171,6277
53172,6278
53175,6279
53177,6280
53182,6281
53194,6282
53196,6283
53201,6284
53203,6285
53207,6286
53210,6287
53211,6288
53213,6289
53214,6290
53217,6291
53237,6292
53242,6293
53264,6294
53271,6295
53272,6296
53286,6297
53297,6298
53320,6299
53329,6300
53337,6301
53353,6302
53367,6303
53378,6304
53384,6305
53392,6306
53405,6307
53411,6308
53441,6309
53458,6310
53461,6311
53477,6312
53492,6313
53493,6314
53511,6315
53525,6316
53536,6317
53556,6318
53563,6319
53567,6320
53571,6321
53581,6322
53582,6323
53586,6324
53587,6325
53594,6326
53597,6327
53601,6328
53624,6329
53629,6330
53632,6331
53646,6332
53654,6333
53657,6334
53658,6335
53660,6336
53663,6337
53671,6338
53675,6339
53676,6340
53678,6341
53689,6342
53692,6343
53697,6344
53699,6345
53703,6346
53713,6347
53723,6348
53724,6349
53732,6350
53740,6351
53746,6352
53753,6353
53762,6354
53763,6355
53768,6356
53794,6357
53797,6358
53810,6359
53812,6360
53824,6361
53827,6362
53828,6363
53841,6364
53847,6365
53848,6366
53852,6367
53856,6368
53866,6369
53867,6370
53868,6371
53870,6372
53884,6373
53886,6374
53897,6375
53914,6376
53921,6377
53941,6378
53944,6379
53949,6380
53950,6381
53953,6382
53965,6383
53967,6384
53968,6385
53973,6386
53978,6387
53981,6388
53996,6389
54002,6390
54025,6391
54032,6392
54037,6393
54039,6394
54049,6395
54053,6396
54062,6397
54078,6398
54085,6399
54091,6400
54100,6401
54118,6402
54120,6403
54128,6404
54131,6405
54145,6406
54147,6407
54149,6408
54150,6409
54154,6410
54157,6411
54168,6412
54177,6413
54188,6414
54194,6415
54195,6416
54207,6417
54215,6418
54224,6419
54243,6420
54248,6421
54258,6422
54263,6423
54270,6424
54272,6425
54279,6426
54295,6427
54297,6428
54298,6429
54302,6430
54321,6431
54339,6432
54353,6433
54386,6434
54391,6435
54392,6436
54397,6437
54412,6438
54414,6439
54417,6440
54420,6441
54423,6442
54439,6443
54443,6444
54445,6445
54455,6446
54456,6447
54473,6448
54485,6449
54518,6450
54519,6451
54520,6452
54525,6453
54526,6454
54540,6455
54544,6456
54556,6457
54561,6458
54562,6459
54573,6460
54583,6461
54590,6462
54593,6463
54608,6464
54614,6465
54621,6466
54626,6467
54636,6468
54654,6469
54662,6470
54668,6471
54671,6472
54677,6473
54679,6474
54680,6475
54684,6476
54685,6477
54696,6478
54702,6479
54726,6480
54733,6481
54735,6482
54743,6483
54751,6484
54752,6485
54763,6486
54765,6487
54766,6488
54793,6489
54798,6490
54804,6491
54809,6492
54819,6493
54838,6494
54844,6495
54846,6496
54851,6497
54854,6498
54863,6499
54870,6500
54875,6501
54877,6502
54879,6503
54884,6504
54887,6505
54894,6506
54896,6507
54900,6508
54901,6509
54906,6510
54913,6511
54925,6512
54949,6513
54952,6514
54958,6515
54971,6516
54972,6517
54982,6518
54990,6519
54996,6520
55008,6521
55016,6522
55025,6523
55028,6524
55051,6525
55090,6526
55094,6527
55100,6528
55102,6529
55103,6530
55106,6531
55111,6532
55126,6533
55133,6534
55144,6535
55154,6536
55155,6537
55170,6538
55171,6539
55177,6540
55179,6541
55195,6542
55211,6543
55216,6544
55222,6545
55225,6546
55230,6547
55232,6548
55238,6549
55254,6550
55260,6551
55262,6552
55263,6553
55279,6554
55286,6555
55292,6556
55299,6557
55306,6558
55323,6559
55328,6560
55331,6561
55340,6562
55352,6563
55357,6564
55360,6565
55363,6566
55364,6567
55381,6568
55386,6569
55391,6570
55394,6571
55400,6572
55404,6573
55406,6574
55416,6575
55432,6576
55438,6577
55443,6578
55445,6579
55448,6580
55462,6581
55464,6582
55476,6583
55477,6584
55480,6585
55491,6586
55493,6587
55496,6588
55505,6589
55515,6590
55523,6591
55532,6592
55540,6593
55541,6594
55549,6595
55560,6596
55567,6597
55578,6598
55579,6599
55580,6600
55581,6601
55586,6602
55587,6603
55588,6604
55613,6605
55621,6606
55622,6607
55624,6608
55626,6609
55635,6610
55642,6611
55648,6612
55652,6613
55659,6614
55663,6615
55680,6616
55697,6617
55705,6618
55706,6619
55710,6620
55713,6621
55715,6622
55720,6623
55724,6624
55727,6625
55745,6626
55749,6627
55750,6628
55760,6629
55762,6630
55779,6631
55788,6632
55791,6633
55797,6634
55801,6635
55812,6636
55836,6637
55838,6638
55840,6639
55853,6640
55861,6641
55870,6642
55882,6643
55883,6644
55914,6645
55919,6646
55928,6647
55930,6648
55934,6649
55936,6650
55937,6651
55946,6652
55947,6653
55953,6654
55976,6655
55989,6656
55990,6657
56024,6658
56035,6659
56042,6660
56053,6661
56054,6662
56057,6663
56058,6664
56059,6665
56061,6666
56075,6667
56078,6668
56090,6669
56103,6670
56106,6671
56111,6672
56113,6673
56120,6674
56127,6675
56145,6676
56146,6677
56153,6678
56159,6679
56160,6680
56163,6681
56169,6682
56183,6683
56184,6684
56189,6685
56199,6686
56230,6687
56235,6688
56240,6689
56248,6690
56257,6691
56281,6692
56287,6693
56293,6694
56296,6695
56302,6696
56323,6697
56333,6698
56340,6699
56344,6700
56356,6701
56368,6702
56374,6703
56377,6704
56382,6705
56389,6706
56397,6707
56398,6708
56401,6709
56405,6710
56412,6711
56433,6712
56455,6713
56461,6714
56465,6715
56468,6716
56490,6717
56518,6718
56524,6719
56525,6720
56533,6721
56534,6722
56546,6723
56548,6724
56552,6725
56560,6726
56579,6727
56599,6728
56603,6729
56620,6730
56634,6731
56649,6732
56656,6733
56671,6734
56677,6735
56683,6736
56684,6737
56725,6738
56744,6739
56745,6740
56747,6741
56761,6742
56762,6743
56768,6744
56789,6745
56817,6746
56829,6747
56835,6748
56849,6749
56853,6750
56856,6751
56860,6752
56864,6753
56874,6754
56887,6755
56890,6756
56893,6757
56902,6758
56905,6759
56909,6760
56916,6761
56920,6762
56956,6763
56957,6764
56973,6765
56992,6766
57011,6767
57031,6768
57033,6769
57042,6770
57057,6771
57063,6772
57071,6773
57078,6774
57084,6775
57089,6776
57093,6777
57098,6778
57125,6779
57139,6780
57144,6781
57159,6782
57161,6783
57165,6784
57167,6785
57192,6786
57231,6787
57236,6788
57266,6789
57268,6790
57278,6791
57284,6792
57286,6793
57289,6794
57291,6795
57307,6796
57310,6797
57330,6798
57340,6799
57351,6800
57352,6801
57359,6802
57368,6803
57381,6804
57401,6805
57427,6806
57429,6807
57432,6808
57435,6809
57447,6810
57463,6811
57466,6812
57479,6813
57486,6814
57489,6815
57499,6816
57511,6817
57522,6818
57533,6819
57550,6820
57553,6821
57563,6822
57569,6823
57597,6824
57599,6825
57601,6826
57602,6827
57616,6828
57630,6829
57637,6830
57642,6831
57652,6832
57658,6833
57663,6834
57666,6835
57674,6836
57693,6837
57700,6838
57708,6839
57718,6840
57728,6841
57751,6842
57755,6843
57761,6844
57769,6845
57771,6846
57777,6847
57778,6848
57780,6849
57781,6850
57794,6851
57800,6852
57805,6853
57811,6854
57821,6855
57822,6856
57849,6857
57866,6858
57867,6859
57870,6860
57872,6861
57877,6862
57879,6863
57898,6864
57901,6865
57904,6866
57930,6867
57932,6868
57950,6869
57968,6870
57978,6871
57989,6872
57992,6873
58015,6874
58017,6875
58023,6876
58025,6877
58034,6878
58038,6879
58041,6880
58046,6881
58054,6882
58055,6883
58056,6884
58060,6885
58074,6886
58076,6887
58081,6888
58083,6889
58099,6890
58108,6891
58123,6892
58125,6893
58134,6894
58137,6895
58141,6896
58145,6897
58146,6898
58167,6899
58175,6900
58188,6901
58191,6902
58192,6903
58204,6904
58208,6905
58217,6906
58230,6907
58235,6908
58241,6909
58242,6910
58244,6911
58257,6912
58266,6913
58273,6914
58277,6915
58288,6916
58292,6917
58298,6918
58313,6919
58320,6920
58326,6921
58329,6922
58378,6923
58382,6924
58392,6925
58417,6926
58425,6927
58437,6928
58441,6929
58448,6930
58463,6931
58465,6932
58474,6933
58487,6934
58505,6935
58507,6936
58515,6937
58525,6938
58529,6939
58537,6940
58546,6941
58548,6942
58570,6943
58602,6944
58611,6945
58616,6946
58620,6947
58658,6948
58675,6949
58676,6950
58679,6951
58701,6952
58708,6953
58716,6954
58717,6955
58724,6956
58739,6957
58750,6958
58751,6959
58759,6960
58764,6961
58766,6962
58775,6963
58780,6964
58796,6965
58798,6966
58804,6967
58808,6968
58812,6969
58817,6970
58826,6971
58843,6972
58850,6973
58864,6974
58865,6975
58867,6976
58874,6977
58884,6978
58902,6979
58904,6980
58908,6981
58921,6982
58927,6983
58930,6984
58931,6985
58933,6986
58953,6987
58967,6988
58985,6989
59029,6990
59030,6991
59032,6992
59037,6993
59041,6994
59050,6995
59052,6996
59053,6997
59054,6998
59063,6999
59069,7000
59095,7001
59107,7002
59109,7003
59111,7004
59114,7005
59158,7006
59163,7007
59176,7008
59180,7009
59182,7010
59183,7011
59188,7012
59195,7013
59196,7014
59210,7015
59215,7016
59243,7017
59247,7018
59261,7019
59265,7020
59272,7021
59273,7022
59282,7023
59285,7024
59291,7025
59301,7026
59306,7027
59310,7028
59315,7029
59321,7030
59324,7031
59341,7032
59351,7033
59354,7034
59355,7035
59360,7036
59379,7037
59384,7038
59389,7039
59401,7040
59403,7041
59412,7042
59414,7043
59418,7044
59420,7045
59422,7046
59427,7047
59439,7048
59440,7049
59452,7050
59453,7051
59454,7052
59458,7053
59479,7054
59487,7055
59501,7056
59558,7057
59562,7058
59573,7059
59576,7060
59588,7061
59597,7062
59607,7063
59621,7064
59626,7065
59658,7066
59660,7067
59677,7068
59698,7069
59714,7070
59728,7071
59731,7072
59733,7073
59737,7074
59739,7075
59757,7076
59759,7077
59788,7078
59801,7079
59803,7080
59810,7081
59815,7082
59816,7083
59820,7084
59837,7085
59849,7086
59856,7087
59863,7088
59870,7089
59880,7090
59895,7091
59899,7092
59909,7093
59917,7094
59922,7095
59929,7096
59949,7097
59954,7098
59981,7099
60008,7100
60023,7101
60027,7102
60074,7103
60078,7104
60082,7105
60095,7106
60123,7107
60135,7108
60139,7109
60145,7110
60149,7111
60155,7112
60178,7113
60181,7114
60189,7115
60204,7116
60214,7117
60225,7118
60240,7119
60244,7120
60246,7121
60260,7122
60273,7123
60277,7124
60280,7125
60281,7126
60285,7127
60291,7128
60294,7129
60302,7130
60314,7131
60315,7132
60318,7133
60326,7134
60336,7135
60337,7136
60341,7137
60343,7138
60355,7139
60357,7140
60371,7141
60375,7142
60387,7143
60389,7144
60406,7145
60407,7146
60419,7147
60426,7148
60428,7149
60435,7150
60447,7151
60474,7152
60475,7153
60478,7154
60517,7155
60520,7156
60521,7157
60550,7158
60552,7159
60569,7160
60570,7161
60572,7162
60597,7163
60603,7164
60606,7165
60610,7166
60616,7167
60623,7168
60625,7169
60645,7170
60663,7171
60667,7172
60668,7173
60686,7174
60689,7175
60692,7176
60697,7177
60727,7178
60728,7179
60737,7180
60738,7181
60739,7182
60740,7183
60742,7184
60747,7185
60774,7186
60782,7187
60786,7188
60789,7189
60791,7190
60801,7191
60810,7192
60811,7193
60815,7194
60819,7195
60829,7196
60846,7197
60853,7198
60854,7199
60872,7200
60876,7201
60902,7202
60911,7203
60918,7204
60920,7205
60928,7206
60968,7207
60972,7208
60990,7209
61005,7210
61009,7211
61010,7212
61020,7213
61022,7214
61034,7215
61039,7216
61070,7217
61078,7218
61083,7219
61097,7220
61101,7221
61103,7222
61114,7223
61118,7224
61121,7225
61124,7226
61126,7227
61136,7228
61142,7229
61149,7230
61160,7231
61170,7232
61177,7233
61203,7234
61217,7235
61246,7236
61256,7237
61265,7238
61273,7239
61280,7240
61291,7241
61293,7242
61294,7243
61347,7244
61349,7245
61360,7246
61362,7247
61382,7248
61397,7249
61398,7250
61401,7251
61408,7252
61446,7253
61456,7254
61476,7255
61479,7256
61483,7257
61489,7258
61500,7259
61501,7260
61502,7261
61510,7262
61519,7263
61549,7264
61552,7265
61554,7266
61557,7267
61558,7268
61559,7269
61568,7270
61571,7271
61583,7272
61604,7273
61627,7274
61628,7275
61652,7276
61666,7277
61667,7278
61707,7279
61722,7280
61723,7281
61725,7282
61727,7283
61728,7284
61743,7285
61747,7286
61759,7287
61770,7288
61773,7289
61777,7290
61782,7291
61787,7292
61793,7293
61801,7294
61805,7295
61808,7296
61810,7297
61813,7298
61820,7299
61832,7300
61845,7301
61848,7302
61850,7303
61884,7304
61885,7305
61905,7306
61909,7307
61916,7308
61917,7309
61923,7310
61924,7311
61927,7312
61930,7313
61932,7314
61940,7315
61942,7316
61947,7317
61955,7318
61956,7319
61959,7320
61975,7321
61980,7322
61989,7323
61990,7324
61995,7325
62010,7326
62031,7327
62038,7328
62039,7329
62046,7330
62050,7331
62056,7332
62071,7333
62074,7334
62089,7335
62098,7336
62121,7337
62125,7338
62132,7339
62140,7340
62158,7341
62161,7342
62162,7343
62170,7344
62179,7345
62197,7346
62201,7347
62205,7348
62227,7349
62229,7350
62234,7351
62236,7352
62243,7353
62247,7354
62249,7355
62259,7356
62274,7357
62276,7358
62284,7359
62290,7360
62294,7361
62323,7362
62328,7363
62353,7364
62362,7365
62363,7366
62369,7367
62370,7368
62372,7369
62375,7370
62378,7371
62384,7372
62395,7373
62411,7374
62421,7375
62422,7376
62424,7377
62427,7378
62458,7379
62468,7380
62475,7381
62488,7382
62514,7383
62526,7384
62533,7385
62535,7386
62542,7387
62545,7388
62550,7389
62551,7390
62570,7391
62586,7392
62589,7393
62594,7394
62608,7395
62628,7396
62651,7397
62660,7398
62668,7399
62671,7400
62681,7401
62682,7402
62686,7403
62709,7404
62710,7405
62718,7406
62726,7407
62729,7408
62731,7409
62735,7410
62741,7411
62755,7412
62756,7413
62767,7414
62775,7415
62795,7416
62807,7417
62831,7418
62835,7419
62854,7420
62867,7421
62880,7422
62900,7423
62905,7424
62917,7425
62927,7426
62930,7427
62936,7428
62937,7429
62964,7430
62974,7431
62999,7432
63014,7433
63023,7434
63032,7435
63037,7436
63042,7437
63045,7438
63054,7439
63062,7440
63070,7441
63075,7442
63081,7443
63083,7444
63091,7445
63092,7446
63096,7447
63097,7448
63103,7449
63109,7450
63111,7451
63117,7452
63119,7453
63120,7454
63127,7455
63130,7456
63137,7457
63164,7458
63169,7459
63192,7460
63196,7461
63210,7462
63235,7463
63241,7464
63242,7465
63243,7466
63248,7467
63249,7468
63250,7469
63252,7470
63258,7471
63270,7472
63286,7473
63309,7474
63321,7475
63327,7476
63331,7477
63337,7478
63339,7479
63342,7480
63344,7481
63357,7482
63361,7483
63371,7484
63381,7485
63383,7486
63387,7487
63393,7488
63397,7489
63399,7490
63404,7491
63407,7492
63410,7493
63431,7494
63432,7495
63443,7496
63447,7497
63449,7498
63460,7499
63489,7500
63493,7501
63497,7502
63522,7503
63526,7504
63529,7505
63531,7506
63539,7507
63541,7508
63556,7509
63558,7510
63563,7511
63572,7512
63598,7513
63599,7514
63606,7515
63609,7516
63611,7517
63616,7518
63643,7519
63649,7520
63656,7521
63659,7522
63667,7523
63680,7524
63683,7525
63684,7526
63692,7527
63695,7528
63698,7529
63705,7530
63710,7531
63734,7532
63735,7533
63746,7534
63756,7535
63758,7536
63767,7537
63783,7538
63786,7539
63790,7540
63792,7541
63821,7542
63828,7543
63854,7544
63859,7545
63866,7546
63880,7547
63891,7548
63898,7549
63907,7550
63908,7551
63916,7552
63918,7553
63921,7554
63928,7555
63935,7556
63936,7557
63950,7558
63961,7559
63965,7560
63994,7561
63998,7562
64002,7563
64015,7564
64017,7565
64023,7566
64026,7567
64028,7568
64035,7569
64036,7570
64043,7571
64059,7572
64062,7573
64063,7574
64085,7575
64094,7576
64097,7577
64100,7578
64102,7579
64124,7580
64130,7581
64131,7582
64139,7583
64156,7584
64158,7585
64170,7586
64172,7587
64209,7588
64215,7589
64216,7590
64221,7591
64229,7592
64235,7593
64242,7594
64253,7595
64264,7596
64272,7597
64283,7598
64288,7599
64295,7600
64298,7601
64304,7602
64306,7603
64311,7604
64314,7605
64316,7606
64321,7607
64323,7608
64337,7609
64341,7610
64345,7611
64351,7612
64370,7613
64371,7614
64373,7615
64377,7616
64389,7617
64392,7618
64395,7619
64396,7620
64399,7621
64417,7622
64418,7623
64421,7624
64423,7625
64438,7626
64448,7627
64458,7628
64466,7629
64479,7630
64480,7631
64490,7632
64493,7633
64495,7634
64507,7635
64515,7636
64517,7637
64521,7638
64524,7639
64530,7640
64533,7641
64540,7642
64548,7643
64567,7644
64575,7645
64582,7646
64597,7647
64598,7648
64599,7649
64604,7650
64613,7651
64617,7652
64622,7653
64640,7654
64641,7655
64642,7656
64647,7657
64649,7658
64661,7659
64665,7660
64670,7661
64678,7662
64699,7663
64717,7664
64718,7665
64720,7666
64721,7667
64722,7668
64752,7669
64766,7670
64771,7671
64774,7672
64783,7673
64786,7674
64801,7675
64804,7676
64819,7677
64834,7678
64848,7679
64856,7680
64870,7681
64872,7682
64876,7683
64886,7684
64900,7685
64908,7686
64909,7687
64917,7688
64925,7689
64938,7690
64944,7691
64952,7692
64961,7693
64963,7694
64967,7695
64975,7696
64981,7697
64992,7698
64993,7699
64994,7700
64995,7701
64996,7702
65000,7703
65001,7704
65002,7705
65006,7706
65017,7707
65019,7708
65033,7709
65040,7710
65045,7711
65048,7712
65050,7713
65056,7714
65060,7715
65066,7716
65079,7717
65089,7718
65100,7719
65112,7720
65119,7721
65124,7722
65127,7723
65155,7724
65165,7725
65179,7726
65186,7727
65189,7728
65211,7729
65217,7730
65226,7731
65231,7732
65243,7733
65245,7734
65273,7735
65284,7736
65285,7737
65287,7738
65292,7739
65295,7740
65297,7741
65305,7742
65317,7743
65318,7744
65322,7745
65327,7746
65329,7747
65330,7748
65332,7749
65338,7750
65347,7751
65369,7752
65381,7753
65386,7754
65391,7755
65393,7756
65410,7757
65413,7758
65415,7759
65421,7760
65432,7761
65442,7762
65455,7763
65461,7764
65478,7765
65490,7766
65497,7767
65521,7768
65527,7769
